fp_id,s1,s2,s3,s4,s5,name
1,26,25,10,7,12,/home/mohammed/server/FMVLD/Impression_1/fp_1/1.jpg
2,16,30,21,4,9,/home/mohammed/server/FMVLD/Impression_1/fp_1/2.jpg
3,21,48,17,7,8,/home/mohammed/server/FMVLD/Impression_1/fp_1/3.jpg
4,31,33,16,6,7,/home/mohammed/server/FMVLD/Impression_1/fp_1/4.jpg
5,28,24,10,7,9,/home/mohammed/server/FMVLD/Impression_1/fp_1/5.jpg
6,19,26,13,6,8,/home/mohammed/server/FMVLD/Impression_1/fp_1/6.jpg
7,23,16,12,5,9,/home/mohammed/server/FMVLD/Impression_1/fp_1/7.jpg
8,37,37,17,8,9,/home/mohammed/server/FMVLD/Impression_1/fp_1/8.jpg
9,29,26,18,8,19,/home/mohammed/server/FMVLD/Impression_1/fp_1/9.jpg
10,20,27,18,3,9,/home/mohammed/server/FMVLD/Impression_1/fp_1/10.jpg
11,32,19,17,5,15,/home/mohammed/server/FMVLD/Impression_1/fp_1/11.jpg
12,24,21,20,5,12,/home/mohammed/server/FMVLD/Impression_1/fp_1/12.jpg
13,25,22,11,0,11,/home/mohammed/server/FMVLD/Impression_1/fp_1/13.jpg
14,18,31,17,5,16,/home/mohammed/server/FMVLD/Impression_1/fp_1/14.jpg
15,18,31,15,6,11,/home/mohammed/server/FMVLD/Impression_1/fp_1/15.jpg
16,16,23,15,6,15,/home/mohammed/server/FMVLD/Impression_1/fp_1/16.jpg
17,17,21,15,4,7,/home/mohammed/server/FMVLD/Impression_1/fp_1/17.jpg
18,22,26,13,5,8,/home/mohammed/server/FMVLD/Impression_1/fp_1/18.jpg
19,19,35,12,6,7,/home/mohammed/server/FMVLD/Impression_1/fp_1/19.jpg
20,16,26,13,2,9,/home/mohammed/server/FMVLD/Impression_1/fp_1/20.jpg
21,22,23,14,0,14,/home/mohammed/server/FMVLD/Impression_1/fp_1/21.jpg
22,18,30,21,6,6,/home/mohammed/server/FMVLD/Impression_1/fp_1/22.jpg
23,18,26,8,6,4,/home/mohammed/server/FMVLD/Impression_1/fp_1/23.jpg
24,24,25,16,10,11,/home/mohammed/server/FMVLD/Impression_1/fp_1/24.jpg
25,26,36,17,6,15,/home/mohammed/server/FMVLD/Impression_1/fp_1/25.jpg
26,27,30,20,7,8,/home/mohammed/server/FMVLD/Impression_1/fp_1/26.jpg
27,33,29,14,5,7,/home/mohammed/server/FMVLD/Impression_1/fp_1/27.jpg
28,36,42,12,9,11,/home/mohammed/server/FMVLD/Impression_1/fp_1/28.jpg
29,22,27,9,7,6,/home/mohammed/server/FMVLD/Impression_1/fp_1/29.jpg
30,38,25,10,3,6,/home/mohammed/server/FMVLD/Impression_1/fp_1/30.jpg
31,23,34,20,8,6,/home/mohammed/server/FMVLD/Impression_1/fp_1/31.jpg
32,28,37,16,10,11,/home/mohammed/server/FMVLD/Impression_1/fp_1/32.jpg
33,18,29,8,8,14,/home/mohammed/server/FMVLD/Impression_1/fp_1/33.jpg
34,24,24,17,6,7,/home/mohammed/server/FMVLD/Impression_1/fp_1/34.jpg
35,21,24,14,5,8,/home/mohammed/server/FMVLD/Impression_1/fp_1/35.jpg
36,25,27,21,14,21,/home/mohammed/server/FMVLD/Impression_1/fp_1/36.jpg
37,20,21,14,4,13,/home/mohammed/server/FMVLD/Impression_1/fp_1/37.jpg
38,11,31,11,1,3,/home/mohammed/server/FMVLD/Impression_1/fp_1/38.jpg
39,23,29,14,10,5,/home/mohammed/server/FMVLD/Impression_1/fp_1/39.jpg
40,18,21,14,5,8,/home/mohammed/server/FMVLD/Impression_1/fp_1/40.jpg
41,34,27,14,5,12,/home/mohammed/server/FMVLD/Impression_1/fp_1/41.jpg
42,22,24,9,6,5,/home/mohammed/server/FMVLD/Impression_1/fp_1/42.jpg
43,24,23,25,3,12,/home/mohammed/server/FMVLD/Impression_1/fp_1/43.jpg
44,33,29,11,5,8,/home/mohammed/server/FMVLD/Impression_1/fp_1/44.jpg
45,25,17,5,4,13,/home/mohammed/server/FMVLD/Impression_1/fp_1/45.jpg
46,29,41,22,5,8,/home/mohammed/server/FMVLD/Impression_1/fp_1/46.jpg
47,18,25,12,5,11,/home/mohammed/server/FMVLD/Impression_1/fp_1/47.jpg
48,27,28,17,5,8,/home/mohammed/server/FMVLD/Impression_1/fp_1/48.jpg
49,27,30,15,7,8,/home/mohammed/server/FMVLD/Impression_1/fp_1/49.jpg
50,21,25,11,5,7,/home/mohammed/server/FMVLD/Impression_1/fp_1/50.jpg
51,29,30,12,3,15,/home/mohammed/server/FMVLD/Impression_1/fp_1/51.jpg
52,22,25,5,4,5,/home/mohammed/server/FMVLD/Impression_1/fp_1/52.jpg
53,26,39,12,10,11,/home/mohammed/server/FMVLD/Impression_1/fp_1/53.jpg
54,24,29,11,9,13,/home/mohammed/server/FMVLD/Impression_1/fp_1/54.jpg
55,8,29,16,4,11,/home/mohammed/server/FMVLD/Impression_1/fp_1/55.jpg
56,24,24,23,5,14,/home/mohammed/server/FMVLD/Impression_1/fp_1/56.jpg
57,23,20,12,4,6,/home/mohammed/server/FMVLD/Impression_1/fp_1/57.jpg
58,16,29,12,7,8,/home/mohammed/server/FMVLD/Impression_1/fp_1/58.jpg
59,26,39,12,5,9,/home/mohammed/server/FMVLD/Impression_1/fp_1/59.jpg
60,35,28,11,3,12,/home/mohammed/server/FMVLD/Impression_1/fp_1/60.jpg
61,21,19,14,8,13,/home/mohammed/server/FMVLD/Impression_1/fp_1/61.jpg
62,23,26,17,9,15,/home/mohammed/server/FMVLD/Impression_1/fp_1/62.jpg
63,18,40,15,5,12,/home/mohammed/server/FMVLD/Impression_1/fp_1/63.jpg
64,27,25,16,6,7,/home/mohammed/server/FMVLD/Impression_1/fp_1/64.jpg
65,20,21,14,5,10,/home/mohammed/server/FMVLD/Impression_1/fp_1/65.jpg
66,24,20,18,3,12,/home/mohammed/server/FMVLD/Impression_1/fp_1/66.jpg
67,21,26,12,4,7,/home/mohammed/server/FMVLD/Impression_1/fp_1/67.jpg
68,19,22,14,4,12,/home/mohammed/server/FMVLD/Impression_1/fp_1/68.jpg
69,24,29,27,7,9,/home/mohammed/server/FMVLD/Impression_1/fp_1/69.jpg
70,27,24,10,4,9,/home/mohammed/server/FMVLD/Impression_1/fp_1/70.jpg
71,30,19,18,4,4,/home/mohammed/server/FMVLD/Impression_1/fp_1/71.jpg
72,25,28,10,4,12,/home/mohammed/server/FMVLD/Impression_1/fp_1/72.jpg
73,26,34,19,3,6,/home/mohammed/server/FMVLD/Impression_1/fp_1/73.jpg
74,19,25,15,5,17,/home/mohammed/server/FMVLD/Impression_1/fp_1/74.jpg
75,15,20,13,3,6,/home/mohammed/server/FMVLD/Impression_1/fp_1/75.jpg
76,17,37,15,2,7,/home/mohammed/server/FMVLD/Impression_1/fp_1/76.jpg
77,18,18,10,2,7,/home/mohammed/server/FMVLD/Impression_1/fp_1/77.jpg
78,15,29,13,7,11,/home/mohammed/server/FMVLD/Impression_1/fp_1/78.jpg
79,30,20,16,6,6,/home/mohammed/server/FMVLD/Impression_1/fp_1/79.jpg
80,24,26,19,3,9,/home/mohammed/server/FMVLD/Impression_1/fp_1/80.jpg
81,21,23,16,2,13,/home/mohammed/server/FMVLD/Impression_1/fp_1/81.jpg
82,21,20,28,7,12,/home/mohammed/server/FMVLD/Impression_1/fp_1/82.jpg
83,22,27,20,6,13,/home/mohammed/server/FMVLD/Impression_1/fp_1/83.jpg
84,25,29,16,6,8,/home/mohammed/server/FMVLD/Impression_1/fp_1/84.jpg
85,32,22,26,9,14,/home/mohammed/server/FMVLD/Impression_1/fp_1/85.jpg
86,29,26,14,6,7,/home/mohammed/server/FMVLD/Impression_1/fp_1/86.jpg
87,16,30,10,7,8,/home/mohammed/server/FMVLD/Impression_1/fp_1/87.jpg
88,24,25,8,9,9,/home/mohammed/server/FMVLD/Impression_1/fp_1/88.jpg
89,22,24,14,9,10,/home/mohammed/server/FMVLD/Impression_1/fp_1/89.jpg
90,19,23,14,4,12,/home/mohammed/server/FMVLD/Impression_1/fp_1/90.jpg
91,22,24,14,5,16,/home/mohammed/server/FMVLD/Impression_1/fp_1/91.jpg
92,19,32,17,9,7,/home/mohammed/server/FMVLD/Impression_1/fp_1/92.jpg
93,27,24,10,4,15,/home/mohammed/server/FMVLD/Impression_1/fp_1/93.jpg
94,28,31,13,10,12,/home/mohammed/server/FMVLD/Impression_1/fp_1/94.jpg
95,29,24,12,2,9,/home/mohammed/server/FMVLD/Impression_1/fp_1/95.jpg
96,24,19,18,5,8,/home/mohammed/server/FMVLD/Impression_1/fp_1/96.jpg
97,23,26,10,8,8,/home/mohammed/server/FMVLD/Impression_1/fp_1/97.jpg
98,22,21,10,5,7,/home/mohammed/server/FMVLD/Impression_1/fp_1/98.jpg
99,20,25,16,6,6,/home/mohammed/server/FMVLD/Impression_1/fp_1/99.jpg
100,18,17,13,9,15,/home/mohammed/server/FMVLD/Impression_1/fp_1/100.jpg
101,32,34,9,4,4,/home/mohammed/server/FMVLD/Impression_1/fp_1/101.jpg
102,16,26,10,5,7,/home/mohammed/server/FMVLD/Impression_1/fp_1/102.jpg
103,23,16,17,4,10,/home/mohammed/server/FMVLD/Impression_1/fp_1/103.jpg
104,22,17,28,6,9,/home/mohammed/server/FMVLD/Impression_1/fp_1/104.jpg
105,12,17,9,8,5,/home/mohammed/server/FMVLD/Impression_1/fp_1/105.jpg
106,18,16,17,5,9,/home/mohammed/server/FMVLD/Impression_1/fp_1/106.jpg
107,16,33,18,7,10,/home/mohammed/server/FMVLD/Impression_1/fp_1/107.jpg
108,16,33,24,5,11,/home/mohammed/server/FMVLD/Impression_1/fp_1/108.jpg
109,20,24,11,6,1,/home/mohammed/server/FMVLD/Impression_1/fp_1/109.jpg
110,19,27,9,5,4,/home/mohammed/server/FMVLD/Impression_1/fp_1/110.jpg
111,18,30,13,4,3,/home/mohammed/server/FMVLD/Impression_1/fp_1/111.jpg
112,24,31,9,6,11,/home/mohammed/server/FMVLD/Impression_1/fp_1/112.jpg
113,19,27,16,3,12,/home/mohammed/server/FMVLD/Impression_1/fp_1/113.jpg
114,20,40,17,7,4,/home/mohammed/server/FMVLD/Impression_1/fp_1/114.jpg
115,23,29,12,4,8,/home/mohammed/server/FMVLD/Impression_1/fp_1/115.jpg
116,25,30,14,10,13,/home/mohammed/server/FMVLD/Impression_1/fp_1/116.jpg
117,26,31,14,8,11,/home/mohammed/server/FMVLD/Impression_1/fp_1/117.jpg
118,25,23,23,3,10,/home/mohammed/server/FMVLD/Impression_1/fp_1/118.jpg
119,21,23,25,4,6,/home/mohammed/server/FMVLD/Impression_1/fp_1/119.jpg
120,26,30,12,7,13,/home/mohammed/server/FMVLD/Impression_1/fp_1/120.jpg
121,16,24,18,1,3,/home/mohammed/server/FMVLD/Impression_1/fp_1/121.jpg
122,29,24,17,5,9,/home/mohammed/server/FMVLD/Impression_1/fp_1/122.jpg
123,22,31,17,5,9,/home/mohammed/server/FMVLD/Impression_1/fp_1/123.jpg
124,23,28,12,7,7,/home/mohammed/server/FMVLD/Impression_1/fp_1/124.jpg
125,18,31,13,4,10,/home/mohammed/server/FMVLD/Impression_1/fp_1/125.jpg
126,11,31,16,12,13,/home/mohammed/server/FMVLD/Impression_1/fp_1/126.jpg
127,14,21,7,5,6,/home/mohammed/server/FMVLD/Impression_1/fp_1/127.jpg
128,14,27,11,9,9,/home/mohammed/server/FMVLD/Impression_1/fp_1/128.jpg
129,24,26,14,8,11,/home/mohammed/server/FMVLD/Impression_1/fp_1/129.jpg
130,22,29,16,9,6,/home/mohammed/server/FMVLD/Impression_1/fp_1/130.jpg
131,24,29,13,5,11,/home/mohammed/server/FMVLD/Impression_1/fp_1/131.jpg
132,22,20,12,9,5,/home/mohammed/server/FMVLD/Impression_1/fp_1/132.jpg
133,24,19,10,10,9,/home/mohammed/server/FMVLD/Impression_1/fp_1/133.jpg
134,33,24,9,4,5,/home/mohammed/server/FMVLD/Impression_1/fp_1/134.jpg
135,25,25,21,8,9,/home/mohammed/server/FMVLD/Impression_1/fp_1/135.jpg
136,18,32,7,9,9,/home/mohammed/server/FMVLD/Impression_1/fp_1/136.jpg
137,27,35,13,5,14,/home/mohammed/server/FMVLD/Impression_1/fp_1/137.jpg
138,24,15,20,4,5,/home/mohammed/server/FMVLD/Impression_1/fp_1/138.jpg
139,25,31,17,7,11,/home/mohammed/server/FMVLD/Impression_1/fp_1/139.jpg
140,25,31,16,4,11,/home/mohammed/server/FMVLD/Impression_1/fp_1/140.jpg
141,13,25,14,6,14,/home/mohammed/server/FMVLD/Impression_1/fp_1/141.jpg
142,27,25,14,7,9,/home/mohammed/server/FMVLD/Impression_1/fp_1/142.jpg
143,32,27,19,8,16,/home/mohammed/server/FMVLD/Impression_1/fp_1/143.jpg
144,30,34,18,10,6,/home/mohammed/server/FMVLD/Impression_1/fp_1/144.jpg
145,21,29,16,5,6,/home/mohammed/server/FMVLD/Impression_1/fp_1/145.jpg
146,24,29,9,5,11,/home/mohammed/server/FMVLD/Impression_1/fp_1/146.jpg
147,13,19,11,11,6,/home/mohammed/server/FMVLD/Impression_1/fp_1/147.jpg
148,12,20,11,4,8,/home/mohammed/server/FMVLD/Impression_1/fp_1/148.jpg
149,22,22,9,5,12,/home/mohammed/server/FMVLD/Impression_1/fp_1/149.jpg
150,25,26,9,4,8,/home/mohammed/server/FMVLD/Impression_1/fp_1/150.jpg
151,20,24,8,3,9,/home/mohammed/server/FMVLD/Impression_1/fp_1/151.jpg
152,12,18,7,6,8,/home/mohammed/server/FMVLD/Impression_1/fp_1/152.jpg
153,28,34,17,5,7,/home/mohammed/server/FMVLD/Impression_1/fp_1/153.jpg
154,21,25,12,7,8,/home/mohammed/server/FMVLD/Impression_1/fp_1/154.jpg
155,26,31,16,9,8,/home/mohammed/server/FMVLD/Impression_1/fp_1/155.jpg
156,17,26,12,5,12,/home/mohammed/server/FMVLD/Impression_1/fp_1/156.jpg
157,25,24,18,4,9,/home/mohammed/server/FMVLD/Impression_1/fp_1/157.jpg
158,20,29,17,2,9,/home/mohammed/server/FMVLD/Impression_1/fp_1/158.jpg
159,24,24,17,6,16,/home/mohammed/server/FMVLD/Impression_1/fp_1/159.jpg
160,21,22,12,1,10,/home/mohammed/server/FMVLD/Impression_1/fp_1/160.jpg
161,37,31,9,4,11,/home/mohammed/server/FMVLD/Impression_1/fp_1/161.jpg
162,30,23,13,2,10,/home/mohammed/server/FMVLD/Impression_1/fp_1/162.jpg
163,29,18,9,6,9,/home/mohammed/server/FMVLD/Impression_1/fp_1/163.jpg
164,30,28,12,6,13,/home/mohammed/server/FMVLD/Impression_1/fp_1/164.jpg
165,18,23,7,9,12,/home/mohammed/server/FMVLD/Impression_1/fp_1/165.jpg
166,21,16,13,4,6,/home/mohammed/server/FMVLD/Impression_1/fp_1/166.jpg
167,25,32,24,6,10,/home/mohammed/server/FMVLD/Impression_1/fp_1/167.jpg
168,21,33,17,11,9,/home/mohammed/server/FMVLD/Impression_1/fp_1/168.jpg
169,27,32,23,9,8,/home/mohammed/server/FMVLD/Impression_1/fp_1/169.jpg
170,22,38,11,7,11,/home/mohammed/server/FMVLD/Impression_1/fp_1/170.jpg
171,27,31,13,3,8,/home/mohammed/server/FMVLD/Impression_1/fp_1/171.jpg
172,17,21,21,8,21,/home/mohammed/server/FMVLD/Impression_1/fp_1/172.jpg
173,34,23,17,15,13,/home/mohammed/server/FMVLD/Impression_1/fp_1/173.jpg
174,27,37,19,4,7,/home/mohammed/server/FMVLD/Impression_1/fp_1/174.jpg
175,30,30,10,7,14,/home/mohammed/server/FMVLD/Impression_1/fp_1/175.jpg
176,19,24,14,4,6,/home/mohammed/server/FMVLD/Impression_1/fp_1/176.jpg
177,15,33,18,4,11,/home/mohammed/server/FMVLD/Impression_1/fp_1/177.jpg
178,22,18,16,3,8,/home/mohammed/server/FMVLD/Impression_1/fp_1/178.jpg
179,28,34,6,6,11,/home/mohammed/server/FMVLD/Impression_1/fp_1/179.jpg
180,24,20,17,10,10,/home/mohammed/server/FMVLD/Impression_1/fp_1/180.jpg
181,19,26,21,6,14,/home/mohammed/server/FMVLD/Impression_1/fp_1/181.jpg
182,19,27,13,8,10,/home/mohammed/server/FMVLD/Impression_1/fp_1/182.jpg
183,28,26,7,5,9,/home/mohammed/server/FMVLD/Impression_1/fp_1/183.jpg
184,15,27,19,4,19,/home/mohammed/server/FMVLD/Impression_1/fp_1/184.jpg
185,10,22,12,5,13,/home/mohammed/server/FMVLD/Impression_1/fp_1/185.jpg
186,34,20,16,5,11,/home/mohammed/server/FMVLD/Impression_1/fp_1/186.jpg
187,20,15,13,10,13,/home/mohammed/server/FMVLD/Impression_1/fp_1/187.jpg
188,24,27,13,6,4,/home/mohammed/server/FMVLD/Impression_1/fp_1/188.jpg
189,24,23,13,3,5,/home/mohammed/server/FMVLD/Impression_1/fp_1/189.jpg
190,25,28,20,5,10,/home/mohammed/server/FMVLD/Impression_1/fp_1/190.jpg
191,19,25,17,4,18,/home/mohammed/server/FMVLD/Impression_1/fp_1/191.jpg
192,20,22,9,2,7,/home/mohammed/server/FMVLD/Impression_1/fp_1/192.jpg
193,19,28,15,6,8,/home/mohammed/server/FMVLD/Impression_1/fp_1/193.jpg
194,20,25,13,12,8,/home/mohammed/server/FMVLD/Impression_1/fp_1/194.jpg
195,19,36,17,7,6,/home/mohammed/server/FMVLD/Impression_1/fp_1/195.jpg
196,15,17,12,5,14,/home/mohammed/server/FMVLD/Impression_1/fp_1/196.jpg
197,24,27,14,5,9,/home/mohammed/server/FMVLD/Impression_1/fp_1/197.jpg
198,20,28,14,8,4,/home/mohammed/server/FMVLD/Impression_1/fp_1/198.jpg
199,19,28,10,1,7,/home/mohammed/server/FMVLD/Impression_1/fp_1/199.jpg
200,26,28,22,2,6,/home/mohammed/server/FMVLD/Impression_1/fp_1/200.jpg
201,20,22,11,5,16,/home/mohammed/server/FMVLD/Impression_1/fp_1/201.jpg
202,22,27,12,4,6,/home/mohammed/server/FMVLD/Impression_1/fp_1/202.jpg
203,17,25,21,6,5,/home/mohammed/server/FMVLD/Impression_1/fp_1/203.jpg
204,35,16,13,3,6,/home/mohammed/server/FMVLD/Impression_1/fp_1/204.jpg
205,13,29,9,8,8,/home/mohammed/server/FMVLD/Impression_1/fp_1/205.jpg
206,20,24,11,4,8,/home/mohammed/server/FMVLD/Impression_1/fp_1/206.jpg
207,27,21,15,6,11,/home/mohammed/server/FMVLD/Impression_1/fp_1/207.jpg
208,18,18,14,9,11,/home/mohammed/server/FMVLD/Impression_1/fp_1/208.jpg
209,21,28,10,14,13,/home/mohammed/server/FMVLD/Impression_1/fp_1/209.jpg
210,16,15,17,9,7,/home/mohammed/server/FMVLD/Impression_1/fp_1/210.jpg
211,15,25,15,3,10,/home/mohammed/server/FMVLD/Impression_1/fp_1/211.jpg
212,22,21,13,2,6,/home/mohammed/server/FMVLD/Impression_1/fp_1/212.jpg
213,19,24,21,4,8,/home/mohammed/server/FMVLD/Impression_1/fp_1/213.jpg
214,22,22,18,5,15,/home/mohammed/server/FMVLD/Impression_1/fp_1/214.jpg
215,19,26,8,8,11,/home/mohammed/server/FMVLD/Impression_1/fp_1/215.jpg
216,17,13,15,2,5,/home/mohammed/server/FMVLD/Impression_1/fp_1/216.jpg
217,24,39,18,6,11,/home/mohammed/server/FMVLD/Impression_1/fp_1/217.jpg
218,15,22,11,6,12,/home/mohammed/server/FMVLD/Impression_1/fp_1/218.jpg
219,20,23,12,7,10,/home/mohammed/server/FMVLD/Impression_1/fp_1/219.jpg
220,21,32,4,8,12,/home/mohammed/server/FMVLD/Impression_1/fp_1/220.jpg
221,21,32,26,5,12,/home/mohammed/server/FMVLD/Impression_1/fp_1/221.jpg
222,26,30,18,5,8,/home/mohammed/server/FMVLD/Impression_1/fp_1/222.jpg
223,24,28,9,11,6,/home/mohammed/server/FMVLD/Impression_1/fp_1/223.jpg
224,23,34,18,7,6,/home/mohammed/server/FMVLD/Impression_1/fp_1/224.jpg
225,17,15,19,6,6,/home/mohammed/server/FMVLD/Impression_1/fp_1/225.jpg
226,22,23,10,7,12,/home/mohammed/server/FMVLD/Impression_1/fp_1/226.jpg
227,28,28,11,6,11,/home/mohammed/server/FMVLD/Impression_1/fp_1/227.jpg
228,23,21,16,4,14,/home/mohammed/server/FMVLD/Impression_1/fp_1/228.jpg
229,22,24,20,6,13,/home/mohammed/server/FMVLD/Impression_1/fp_1/229.jpg
230,24,28,17,6,8,/home/mohammed/server/FMVLD/Impression_1/fp_1/230.jpg
231,22,23,16,5,10,/home/mohammed/server/FMVLD/Impression_1/fp_1/231.jpg
232,21,32,16,4,13,/home/mohammed/server/FMVLD/Impression_1/fp_1/232.jpg
233,17,35,16,3,8,/home/mohammed/server/FMVLD/Impression_1/fp_1/233.jpg
234,23,23,15,7,12,/home/mohammed/server/FMVLD/Impression_1/fp_1/234.jpg
235,19,28,11,6,5,/home/mohammed/server/FMVLD/Impression_1/fp_1/235.jpg
236,24,22,12,0,11,/home/mohammed/server/FMVLD/Impression_1/fp_1/236.jpg
237,29,34,12,7,11,/home/mohammed/server/FMVLD/Impression_1/fp_1/237.jpg
238,18,26,10,4,12,/home/mohammed/server/FMVLD/Impression_1/fp_1/238.jpg
239,31,24,22,1,12,/home/mohammed/server/FMVLD/Impression_1/fp_1/239.jpg
240,19,32,15,5,10,/home/mohammed/server/FMVLD/Impression_1/fp_1/240.jpg
241,21,32,11,1,10,/home/mohammed/server/FMVLD/Impression_1/fp_1/241.jpg
242,34,36,9,9,15,/home/mohammed/server/FMVLD/Impression_1/fp_1/242.jpg
243,21,31,17,1,3,/home/mohammed/server/FMVLD/Impression_1/fp_1/243.jpg
244,30,31,18,8,10,/home/mohammed/server/FMVLD/Impression_1/fp_1/244.jpg
245,24,19,15,7,10,/home/mohammed/server/FMVLD/Impression_1/fp_1/245.jpg
246,26,22,16,7,8,/home/mohammed/server/FMVLD/Impression_1/fp_1/246.jpg
247,30,31,18,7,9,/home/mohammed/server/FMVLD/Impression_1/fp_1/247.jpg
248,15,24,10,2,8,/home/mohammed/server/FMVLD/Impression_1/fp_1/248.jpg
249,28,20,17,2,10,/home/mohammed/server/FMVLD/Impression_1/fp_1/249.jpg
250,33,20,9,4,10,/home/mohammed/server/FMVLD/Impression_1/fp_1/250.jpg
251,16,17,9,8,6,/home/mohammed/server/FMVLD/Impression_1/fp_1/251.jpg
252,22,26,11,1,9,/home/mohammed/server/FMVLD/Impression_1/fp_1/252.jpg
253,14,17,4,3,7,/home/mohammed/server/FMVLD/Impression_1/fp_1/253.jpg
254,23,18,7,7,3,/home/mohammed/server/FMVLD/Impression_1/fp_1/254.jpg
255,26,27,10,7,5,/home/mohammed/server/FMVLD/Impression_1/fp_1/255.jpg
256,19,27,9,3,14,/home/mohammed/server/FMVLD/Impression_1/fp_1/256.jpg
257,43,19,16,5,8,/home/mohammed/server/FMVLD/Impression_1/fp_1/257.jpg
258,34,31,16,9,6,/home/mohammed/server/FMVLD/Impression_1/fp_1/258.jpg
259,26,20,6,5,5,/home/mohammed/server/FMVLD/Impression_1/fp_1/259.jpg
260,18,19,11,7,7,/home/mohammed/server/FMVLD/Impression_1/fp_1/260.jpg
261,17,22,16,4,8,/home/mohammed/server/FMVLD/Impression_1/fp_1/261.jpg
262,16,21,10,4,3,/home/mohammed/server/FMVLD/Impression_1/fp_1/262.jpg
263,26,40,7,9,3,/home/mohammed/server/FMVLD/Impression_1/fp_1/263.jpg
264,23,28,7,7,7,/home/mohammed/server/FMVLD/Impression_1/fp_1/264.jpg
265,20,27,14,8,8,/home/mohammed/server/FMVLD/Impression_1/fp_1/265.jpg
266,31,37,21,9,7,/home/mohammed/server/FMVLD/Impression_1/fp_1/266.jpg
267,24,23,17,6,13,/home/mohammed/server/FMVLD/Impression_1/fp_1/267.jpg
268,20,26,10,4,10,/home/mohammed/server/FMVLD/Impression_1/fp_1/268.jpg
269,33,28,16,11,8,/home/mohammed/server/FMVLD/Impression_1/fp_1/269.jpg
270,12,27,5,10,9,/home/mohammed/server/FMVLD/Impression_1/fp_1/270.jpg
271,15,31,16,2,7,/home/mohammed/server/FMVLD/Impression_1/fp_1/271.jpg
272,21,24,10,5,7,/home/mohammed/server/FMVLD/Impression_1/fp_1/272.jpg
273,28,22,15,4,13,/home/mohammed/server/FMVLD/Impression_1/fp_1/273.jpg
274,24,36,9,7,10,/home/mohammed/server/FMVLD/Impression_1/fp_1/274.jpg
275,26,37,12,3,10,/home/mohammed/server/FMVLD/Impression_1/fp_1/275.jpg
276,31,41,9,7,7,/home/mohammed/server/FMVLD/Impression_1/fp_1/276.jpg
277,23,21,12,8,11,/home/mohammed/server/FMVLD/Impression_1/fp_1/277.jpg
278,22,35,17,6,14,/home/mohammed/server/FMVLD/Impression_1/fp_1/278.jpg
279,23,24,10,3,7,/home/mohammed/server/FMVLD/Impression_1/fp_1/279.jpg
280,24,27,32,5,12,/home/mohammed/server/FMVLD/Impression_1/fp_1/280.jpg
281,12,28,19,5,9,/home/mohammed/server/FMVLD/Impression_1/fp_1/281.jpg
282,18,21,14,8,10,/home/mohammed/server/FMVLD/Impression_1/fp_1/282.jpg
283,26,26,10,7,9,/home/mohammed/server/FMVLD/Impression_1/fp_1/283.jpg
284,21,35,14,5,5,/home/mohammed/server/FMVLD/Impression_1/fp_1/284.jpg
285,21,17,17,4,10,/home/mohammed/server/FMVLD/Impression_1/fp_1/285.jpg
286,15,24,12,4,8,/home/mohammed/server/FMVLD/Impression_1/fp_1/286.jpg
287,22,30,12,4,9,/home/mohammed/server/FMVLD/Impression_1/fp_1/287.jpg
288,19,27,13,4,7,/home/mohammed/server/FMVLD/Impression_1/fp_1/288.jpg
289,34,40,9,4,9,/home/mohammed/server/FMVLD/Impression_1/fp_1/289.jpg
290,28,20,10,4,13,/home/mohammed/server/FMVLD/Impression_1/fp_1/290.jpg
291,26,38,15,7,13,/home/mohammed/server/FMVLD/Impression_1/fp_1/291.jpg
292,26,34,14,9,8,/home/mohammed/server/FMVLD/Impression_1/fp_1/292.jpg
293,39,33,12,9,8,/home/mohammed/server/FMVLD/Impression_1/fp_1/293.jpg
294,17,23,18,7,7,/home/mohammed/server/FMVLD/Impression_1/fp_1/294.jpg
295,20,32,16,7,6,/home/mohammed/server/FMVLD/Impression_1/fp_1/295.jpg
296,27,32,8,6,11,/home/mohammed/server/FMVLD/Impression_1/fp_1/296.jpg
297,26,28,15,4,15,/home/mohammed/server/FMVLD/Impression_1/fp_1/297.jpg
298,32,28,16,4,4,/home/mohammed/server/FMVLD/Impression_1/fp_1/298.jpg
299,17,25,12,5,13,/home/mohammed/server/FMVLD/Impression_1/fp_1/299.jpg
300,23,22,14,4,10,/home/mohammed/server/FMVLD/Impression_1/fp_1/300.jpg
301,32,26,14,3,11,/home/mohammed/server/FMVLD/Impression_1/fp_1/301.jpg
302,31,28,21,5,9,/home/mohammed/server/FMVLD/Impression_1/fp_1/302.jpg
303,16,28,12,8,13,/home/mohammed/server/FMVLD/Impression_1/fp_1/303.jpg
304,17,28,13,4,16,/home/mohammed/server/FMVLD/Impression_1/fp_1/304.jpg
305,22,37,18,5,13,/home/mohammed/server/FMVLD/Impression_1/fp_1/305.jpg
306,24,19,10,7,14,/home/mohammed/server/FMVLD/Impression_1/fp_1/306.jpg
307,26,21,9,11,6,/home/mohammed/server/FMVLD/Impression_1/fp_1/307.jpg
308,24,25,16,1,7,/home/mohammed/server/FMVLD/Impression_1/fp_1/308.jpg
309,17,29,21,5,13,/home/mohammed/server/FMVLD/Impression_1/fp_1/309.jpg
310,19,21,17,8,10,/home/mohammed/server/FMVLD/Impression_1/fp_1/310.jpg
311,31,33,16,5,19,/home/mohammed/server/FMVLD/Impression_1/fp_1/311.jpg
312,33,36,17,3,12,/home/mohammed/server/FMVLD/Impression_1/fp_1/312.jpg
313,28,28,8,8,3,/home/mohammed/server/FMVLD/Impression_1/fp_1/313.jpg
314,15,17,15,5,6,/home/mohammed/server/FMVLD/Impression_1/fp_1/314.jpg
315,19,28,7,10,4,/home/mohammed/server/FMVLD/Impression_1/fp_1/315.jpg
316,20,26,16,3,6,/home/mohammed/server/FMVLD/Impression_1/fp_1/316.jpg
317,22,19,17,3,7,/home/mohammed/server/FMVLD/Impression_1/fp_1/317.jpg
318,31,20,8,4,9,/home/mohammed/server/FMVLD/Impression_1/fp_1/318.jpg
319,23,21,7,4,11,/home/mohammed/server/FMVLD/Impression_1/fp_1/319.jpg
320,35,24,14,9,8,/home/mohammed/server/FMVLD/Impression_1/fp_1/320.jpg
321,30,28,15,4,8,/home/mohammed/server/FMVLD/Impression_1/fp_1/321.jpg
322,22,38,14,6,11,/home/mohammed/server/FMVLD/Impression_1/fp_1/322.jpg
323,19,27,15,4,14,/home/mohammed/server/FMVLD/Impression_1/fp_1/323.jpg
324,28,21,11,0,10,/home/mohammed/server/FMVLD/Impression_1/fp_1/324.jpg
325,20,34,19,4,7,/home/mohammed/server/FMVLD/Impression_1/fp_1/325.jpg
326,28,25,12,1,7,/home/mohammed/server/FMVLD/Impression_1/fp_1/326.jpg
327,24,32,12,6,11,/home/mohammed/server/FMVLD/Impression_1/fp_1/327.jpg
328,23,44,20,8,12,/home/mohammed/server/FMVLD/Impression_1/fp_1/328.jpg
329,17,32,17,7,14,/home/mohammed/server/FMVLD/Impression_1/fp_1/329.jpg
330,31,27,22,7,6,/home/mohammed/server/FMVLD/Impression_1/fp_1/330.jpg
331,28,24,15,9,12,/home/mohammed/server/FMVLD/Impression_1/fp_1/331.jpg
332,19,31,14,7,16,/home/mohammed/server/FMVLD/Impression_1/fp_1/332.jpg
333,20,29,13,4,6,/home/mohammed/server/FMVLD/Impression_1/fp_1/333.jpg
334,13,21,19,9,7,/home/mohammed/server/FMVLD/Impression_1/fp_1/334.jpg
335,13,28,15,8,9,/home/mohammed/server/FMVLD/Impression_1/fp_1/335.jpg
336,22,32,9,3,13,/home/mohammed/server/FMVLD/Impression_1/fp_1/336.jpg
337,21,22,15,4,10,/home/mohammed/server/FMVLD/Impression_1/fp_1/337.jpg
338,19,19,14,5,10,/home/mohammed/server/FMVLD/Impression_1/fp_1/338.jpg
339,11,17,8,7,12,/home/mohammed/server/FMVLD/Impression_1/fp_1/339.jpg
340,24,24,12,5,12,/home/mohammed/server/FMVLD/Impression_1/fp_1/340.jpg
341,26,16,19,5,9,/home/mohammed/server/FMVLD/Impression_1/fp_1/341.jpg
342,24,24,7,8,6,/home/mohammed/server/FMVLD/Impression_1/fp_1/342.jpg
343,23,26,13,7,5,/home/mohammed/server/FMVLD/Impression_1/fp_1/343.jpg
344,20,20,12,6,16,/home/mohammed/server/FMVLD/Impression_1/fp_1/344.jpg
345,27,15,13,5,7,/home/mohammed/server/FMVLD/Impression_1/fp_1/345.jpg
346,16,16,12,7,6,/home/mohammed/server/FMVLD/Impression_1/fp_1/346.jpg
347,26,26,6,4,7,/home/mohammed/server/FMVLD/Impression_1/fp_1/347.jpg
348,18,16,10,4,5,/home/mohammed/server/FMVLD/Impression_1/fp_1/348.jpg
349,14,29,12,4,12,/home/mohammed/server/FMVLD/Impression_1/fp_1/349.jpg
350,17,19,13,4,11,/home/mohammed/server/FMVLD/Impression_1/fp_1/350.jpg
351,28,18,16,6,9,/home/mohammed/server/FMVLD/Impression_1/fp_1/351.jpg
352,16,23,13,4,2,/home/mohammed/server/FMVLD/Impression_1/fp_1/352.jpg
353,23,35,22,5,4,/home/mohammed/server/FMVLD/Impression_1/fp_1/353.jpg
354,32,38,14,10,9,/home/mohammed/server/FMVLD/Impression_1/fp_1/354.jpg
355,22,35,15,9,11,/home/mohammed/server/FMVLD/Impression_1/fp_1/355.jpg
356,21,27,18,9,15,/home/mohammed/server/FMVLD/Impression_1/fp_1/356.jpg
357,23,42,9,8,8,/home/mohammed/server/FMVLD/Impression_1/fp_1/357.jpg
358,30,27,15,7,11,/home/mohammed/server/FMVLD/Impression_1/fp_1/358.jpg
359,27,27,18,4,8,/home/mohammed/server/FMVLD/Impression_1/fp_1/359.jpg
360,24,19,9,6,17,/home/mohammed/server/FMVLD/Impression_1/fp_1/360.jpg
361,28,32,16,3,10,/home/mohammed/server/FMVLD/Impression_1/fp_1/361.jpg
362,40,26,10,7,11,/home/mohammed/server/FMVLD/Impression_1/fp_1/362.jpg
363,17,38,6,3,9,/home/mohammed/server/FMVLD/Impression_1/fp_1/363.jpg
364,19,26,8,7,8,/home/mohammed/server/FMVLD/Impression_1/fp_1/364.jpg
365,19,29,8,4,7,/home/mohammed/server/FMVLD/Impression_1/fp_1/365.jpg
366,29,27,14,8,12,/home/mohammed/server/FMVLD/Impression_1/fp_1/366.jpg
367,21,17,17,7,8,/home/mohammed/server/FMVLD/Impression_1/fp_1/367.jpg
368,25,18,13,5,6,/home/mohammed/server/FMVLD/Impression_1/fp_1/368.jpg
369,17,20,16,5,4,/home/mohammed/server/FMVLD/Impression_1/fp_1/369.jpg
370,19,27,7,9,10,/home/mohammed/server/FMVLD/Impression_1/fp_1/370.jpg
371,33,20,12,4,15,/home/mohammed/server/FMVLD/Impression_1/fp_1/371.jpg
372,18,14,12,7,9,/home/mohammed/server/FMVLD/Impression_1/fp_1/372.jpg
373,21,16,8,5,19,/home/mohammed/server/FMVLD/Impression_1/fp_1/373.jpg
374,25,23,10,5,9,/home/mohammed/server/FMVLD/Impression_1/fp_1/374.jpg
375,24,26,20,8,9,/home/mohammed/server/FMVLD/Impression_1/fp_1/375.jpg
376,19,28,11,6,8,/home/mohammed/server/FMVLD/Impression_1/fp_1/376.jpg
377,18,37,12,6,14,/home/mohammed/server/FMVLD/Impression_1/fp_1/377.jpg
378,24,31,23,5,12,/home/mohammed/server/FMVLD/Impression_1/fp_1/378.jpg
379,22,32,10,6,15,/home/mohammed/server/FMVLD/Impression_1/fp_1/379.jpg
380,26,20,14,7,6,/home/mohammed/server/FMVLD/Impression_1/fp_1/380.jpg
381,19,36,13,7,5,/home/mohammed/server/FMVLD/Impression_1/fp_1/381.jpg
382,22,17,13,4,13,/home/mohammed/server/FMVLD/Impression_1/fp_1/382.jpg
383,22,24,15,12,11,/home/mohammed/server/FMVLD/Impression_1/fp_1/383.jpg
384,17,33,13,3,11,/home/mohammed/server/FMVLD/Impression_1/fp_1/384.jpg
385,22,19,20,12,15,/home/mohammed/server/FMVLD/Impression_1/fp_1/385.jpg
386,27,22,16,9,11,/home/mohammed/server/FMVLD/Impression_1/fp_1/386.jpg
387,25,21,8,3,3,/home/mohammed/server/FMVLD/Impression_1/fp_1/387.jpg
388,18,25,13,5,9,/home/mohammed/server/FMVLD/Impression_1/fp_1/388.jpg
389,21,24,10,5,5,/home/mohammed/server/FMVLD/Impression_1/fp_1/389.jpg
390,12,17,25,11,14,/home/mohammed/server/FMVLD/Impression_1/fp_1/390.jpg
391,20,28,17,4,11,/home/mohammed/server/FMVLD/Impression_1/fp_1/391.jpg
392,31,29,20,13,13,/home/mohammed/server/FMVLD/Impression_1/fp_1/392.jpg
393,20,21,22,3,3,/home/mohammed/server/FMVLD/Impression_1/fp_1/393.jpg
394,17,22,13,4,6,/home/mohammed/server/FMVLD/Impression_1/fp_1/394.jpg
395,20,27,25,4,9,/home/mohammed/server/FMVLD/Impression_1/fp_1/395.jpg
396,17,37,21,5,8,/home/mohammed/server/FMVLD/Impression_1/fp_1/396.jpg
397,25,29,8,4,18,/home/mohammed/server/FMVLD/Impression_1/fp_1/397.jpg
398,18,22,13,4,8,/home/mohammed/server/FMVLD/Impression_1/fp_1/398.jpg
399,27,30,17,5,9,/home/mohammed/server/FMVLD/Impression_1/fp_1/399.jpg
400,32,28,12,6,7,/home/mohammed/server/FMVLD/Impression_1/fp_1/400.jpg
401,30,25,17,7,12,/home/mohammed/server/FMVLD/Impression_1/fp_1/401.jpg
402,16,26,7,5,5,/home/mohammed/server/FMVLD/Impression_1/fp_1/402.jpg
403,22,30,15,3,8,/home/mohammed/server/FMVLD/Impression_1/fp_1/403.jpg
404,16,37,23,4,10,/home/mohammed/server/FMVLD/Impression_1/fp_1/404.jpg
405,15,34,13,3,16,/home/mohammed/server/FMVLD/Impression_1/fp_1/405.jpg
406,22,31,19,5,15,/home/mohammed/server/FMVLD/Impression_1/fp_1/406.jpg
407,19,28,15,5,4,/home/mohammed/server/FMVLD/Impression_1/fp_1/407.jpg
408,22,14,10,4,8,/home/mohammed/server/FMVLD/Impression_1/fp_1/408.jpg
409,29,23,12,5,9,/home/mohammed/server/FMVLD/Impression_1/fp_1/409.jpg
410,21,23,12,4,3,/home/mohammed/server/FMVLD/Impression_1/fp_1/410.jpg
411,25,28,17,5,7,/home/mohammed/server/FMVLD/Impression_1/fp_1/411.jpg
412,18,25,8,3,10,/home/mohammed/server/FMVLD/Impression_1/fp_1/412.jpg
413,21,27,14,8,7,/home/mohammed/server/FMVLD/Impression_1/fp_1/413.jpg
414,23,21,10,7,4,/home/mohammed/server/FMVLD/Impression_1/fp_1/414.jpg
415,17,21,10,1,6,/home/mohammed/server/FMVLD/Impression_1/fp_1/415.jpg
416,25,32,21,8,10,/home/mohammed/server/FMVLD/Impression_1/fp_1/416.jpg
417,26,21,24,7,11,/home/mohammed/server/FMVLD/Impression_1/fp_1/417.jpg
418,17,20,11,2,7,/home/mohammed/server/FMVLD/Impression_1/fp_1/418.jpg
419,15,30,7,4,6,/home/mohammed/server/FMVLD/Impression_1/fp_1/419.jpg
420,24,23,13,13,10,/home/mohammed/server/FMVLD/Impression_1/fp_1/420.jpg
421,17,28,9,0,14,/home/mohammed/server/FMVLD/Impression_1/fp_1/421.jpg
422,27,26,21,1,4,/home/mohammed/server/FMVLD/Impression_1/fp_1/422.jpg
423,13,19,13,6,11,/home/mohammed/server/FMVLD/Impression_1/fp_1/423.jpg
424,23,23,15,5,5,/home/mohammed/server/FMVLD/Impression_1/fp_1/424.jpg
425,17,30,14,13,17,/home/mohammed/server/FMVLD/Impression_1/fp_1/425.jpg
426,22,31,16,6,12,/home/mohammed/server/FMVLD/Impression_1/fp_1/426.jpg
427,25,27,17,1,13,/home/mohammed/server/FMVLD/Impression_1/fp_1/427.jpg
428,26,35,19,5,10,/home/mohammed/server/FMVLD/Impression_1/fp_1/428.jpg
429,16,25,11,1,10,/home/mohammed/server/FMVLD/Impression_1/fp_1/429.jpg
430,27,26,20,5,8,/home/mohammed/server/FMVLD/Impression_1/fp_1/430.jpg
431,22,25,17,10,16,/home/mohammed/server/FMVLD/Impression_1/fp_1/431.jpg
432,31,33,13,11,9,/home/mohammed/server/FMVLD/Impression_1/fp_1/432.jpg
433,27,30,14,11,5,/home/mohammed/server/FMVLD/Impression_1/fp_1/433.jpg
434,22,26,11,9,12,/home/mohammed/server/FMVLD/Impression_1/fp_1/434.jpg
435,20,38,13,3,8,/home/mohammed/server/FMVLD/Impression_1/fp_1/435.jpg
436,24,38,17,8,16,/home/mohammed/server/FMVLD/Impression_1/fp_1/436.jpg
437,27,30,16,6,7,/home/mohammed/server/FMVLD/Impression_1/fp_1/437.jpg
438,21,35,15,3,8,/home/mohammed/server/FMVLD/Impression_1/fp_1/438.jpg
439,30,32,14,5,18,/home/mohammed/server/FMVLD/Impression_1/fp_1/439.jpg
440,18,36,16,13,12,/home/mohammed/server/FMVLD/Impression_1/fp_1/440.jpg
441,31,28,21,10,8,/home/mohammed/server/FMVLD/Impression_1/fp_1/441.jpg
442,19,28,14,5,14,/home/mohammed/server/FMVLD/Impression_1/fp_1/442.jpg
443,24,30,15,7,10,/home/mohammed/server/FMVLD/Impression_1/fp_1/443.jpg
444,23,26,20,9,12,/home/mohammed/server/FMVLD/Impression_1/fp_1/444.jpg
445,23,33,7,3,15,/home/mohammed/server/FMVLD/Impression_1/fp_1/445.jpg
446,24,31,16,7,9,/home/mohammed/server/FMVLD/Impression_1/fp_1/446.jpg
447,22,16,15,1,4,/home/mohammed/server/FMVLD/Impression_1/fp_1/447.jpg
448,21,27,15,2,14,/home/mohammed/server/FMVLD/Impression_1/fp_1/448.jpg
449,19,28,11,8,3,/home/mohammed/server/FMVLD/Impression_1/fp_1/449.jpg
450,17,22,7,4,6,/home/mohammed/server/FMVLD/Impression_1/fp_1/450.jpg
451,21,32,12,11,8,/home/mohammed/server/FMVLD/Impression_1/fp_1/451.jpg
452,26,21,20,4,15,/home/mohammed/server/FMVLD/Impression_1/fp_1/452.jpg
453,18,17,12,3,11,/home/mohammed/server/FMVLD/Impression_1/fp_1/453.jpg
454,17,33,20,6,9,/home/mohammed/server/FMVLD/Impression_1/fp_1/454.jpg
455,17,26,9,6,9,/home/mohammed/server/FMVLD/Impression_1/fp_1/455.jpg
456,25,24,7,5,11,/home/mohammed/server/FMVLD/Impression_1/fp_1/456.jpg
457,19,30,10,7,4,/home/mohammed/server/FMVLD/Impression_1/fp_1/457.jpg
458,24,30,13,7,5,/home/mohammed/server/FMVLD/Impression_1/fp_1/458.jpg
459,24,22,13,3,5,/home/mohammed/server/FMVLD/Impression_1/fp_1/459.jpg
460,24,27,7,6,8,/home/mohammed/server/FMVLD/Impression_1/fp_1/460.jpg
461,19,22,11,5,9,/home/mohammed/server/FMVLD/Impression_1/fp_1/461.jpg
462,22,29,14,3,15,/home/mohammed/server/FMVLD/Impression_1/fp_1/462.jpg
463,22,28,6,3,15,/home/mohammed/server/FMVLD/Impression_1/fp_1/463.jpg
464,26,26,15,5,10,/home/mohammed/server/FMVLD/Impression_1/fp_1/464.jpg
465,23,29,13,8,13,/home/mohammed/server/FMVLD/Impression_1/fp_1/465.jpg
466,15,26,19,6,8,/home/mohammed/server/FMVLD/Impression_1/fp_1/466.jpg
467,18,23,12,6,18,/home/mohammed/server/FMVLD/Impression_1/fp_1/467.jpg
468,22,30,15,0,11,/home/mohammed/server/FMVLD/Impression_1/fp_1/468.jpg
469,13,14,13,13,13,/home/mohammed/server/FMVLD/Impression_1/fp_1/469.jpg
470,25,37,16,12,12,/home/mohammed/server/FMVLD/Impression_1/fp_1/470.jpg
471,21,26,16,7,11,/home/mohammed/server/FMVLD/Impression_1/fp_1/471.jpg
472,22,20,7,5,7,/home/mohammed/server/FMVLD/Impression_1/fp_1/472.jpg
473,20,23,16,4,8,/home/mohammed/server/FMVLD/Impression_1/fp_1/473.jpg
474,24,19,16,5,5,/home/mohammed/server/FMVLD/Impression_1/fp_1/474.jpg
475,18,22,14,3,15,/home/mohammed/server/FMVLD/Impression_1/fp_1/475.jpg
476,22,18,11,5,4,/home/mohammed/server/FMVLD/Impression_1/fp_1/476.jpg
477,23,26,10,2,4,/home/mohammed/server/FMVLD/Impression_1/fp_1/477.jpg
478,24,18,15,6,3,/home/mohammed/server/FMVLD/Impression_1/fp_1/478.jpg
479,15,25,8,6,8,/home/mohammed/server/FMVLD/Impression_1/fp_1/479.jpg
480,20,24,13,9,8,/home/mohammed/server/FMVLD/Impression_1/fp_1/480.jpg
481,23,28,5,8,10,/home/mohammed/server/FMVLD/Impression_1/fp_1/481.jpg
482,29,31,11,13,6,/home/mohammed/server/FMVLD/Impression_1/fp_1/482.jpg
483,29,27,9,5,12,/home/mohammed/server/FMVLD/Impression_1/fp_1/483.jpg
484,15,18,20,8,17,/home/mohammed/server/FMVLD/Impression_1/fp_1/484.jpg
485,23,17,19,9,11,/home/mohammed/server/FMVLD/Impression_1/fp_1/485.jpg
486,25,21,18,9,17,/home/mohammed/server/FMVLD/Impression_1/fp_1/486.jpg
487,15,29,15,4,8,/home/mohammed/server/FMVLD/Impression_1/fp_1/487.jpg
488,21,31,8,6,7,/home/mohammed/server/FMVLD/Impression_1/fp_1/488.jpg
489,22,21,12,2,9,/home/mohammed/server/FMVLD/Impression_1/fp_1/489.jpg
490,22,24,11,3,10,/home/mohammed/server/FMVLD/Impression_1/fp_1/490.jpg
491,20,27,11,6,6,/home/mohammed/server/FMVLD/Impression_1/fp_1/491.jpg
492,25,28,12,5,7,/home/mohammed/server/FMVLD/Impression_1/fp_1/492.jpg
493,24,27,11,4,11,/home/mohammed/server/FMVLD/Impression_1/fp_1/493.jpg
494,17,24,10,9,10,/home/mohammed/server/FMVLD/Impression_1/fp_1/494.jpg
495,19,24,11,10,12,/home/mohammed/server/FMVLD/Impression_1/fp_1/495.jpg
496,26,17,13,10,8,/home/mohammed/server/FMVLD/Impression_1/fp_1/496.jpg
497,22,26,16,4,12,/home/mohammed/server/FMVLD/Impression_1/fp_1/497.jpg
498,19,26,15,12,16,/home/mohammed/server/FMVLD/Impression_1/fp_1/498.jpg
499,19,31,5,11,11,/home/mohammed/server/FMVLD/Impression_1/fp_1/499.jpg
500,20,37,8,3,9,/home/mohammed/server/FMVLD/Impression_1/fp_1/500.jpg
501,22,27,8,7,6,/home/mohammed/server/FMVLD/Impression_1/fp_1/501.jpg
502,18,27,19,4,6,/home/mohammed/server/FMVLD/Impression_1/fp_1/502.jpg
503,24,21,10,10,7,/home/mohammed/server/FMVLD/Impression_1/fp_1/503.jpg
504,16,14,13,4,13,/home/mohammed/server/FMVLD/Impression_1/fp_1/504.jpg
505,13,28,17,6,4,/home/mohammed/server/FMVLD/Impression_1/fp_1/505.jpg
506,21,17,13,3,7,/home/mohammed/server/FMVLD/Impression_1/fp_1/506.jpg
507,19,21,11,7,8,/home/mohammed/server/FMVLD/Impression_1/fp_1/507.jpg
508,17,27,24,2,11,/home/mohammed/server/FMVLD/Impression_1/fp_1/508.jpg
509,19,24,16,4,7,/home/mohammed/server/FMVLD/Impression_1/fp_1/509.jpg
510,20,23,9,7,9,/home/mohammed/server/FMVLD/Impression_1/fp_1/510.jpg
511,30,31,15,5,9,/home/mohammed/server/FMVLD/Impression_1/fp_1/511.jpg
512,23,33,18,10,12,/home/mohammed/server/FMVLD/Impression_1/fp_1/512.jpg
513,23,18,10,7,5,/home/mohammed/server/FMVLD/Impression_1/fp_1/513.jpg
514,24,27,7,3,4,/home/mohammed/server/FMVLD/Impression_1/fp_1/514.jpg
515,34,26,21,9,11,/home/mohammed/server/FMVLD/Impression_1/fp_1/515.jpg
516,16,22,16,6,9,/home/mohammed/server/FMVLD/Impression_1/fp_1/516.jpg
517,26,29,8,5,11,/home/mohammed/server/FMVLD/Impression_1/fp_1/517.jpg
518,19,28,10,6,18,/home/mohammed/server/FMVLD/Impression_1/fp_1/518.jpg
519,12,29,9,7,14,/home/mohammed/server/FMVLD/Impression_1/fp_1/519.jpg
520,17,28,18,6,11,/home/mohammed/server/FMVLD/Impression_1/fp_1/520.jpg
521,24,30,11,8,9,/home/mohammed/server/FMVLD/Impression_1/fp_1/521.jpg
522,30,30,17,10,12,/home/mohammed/server/FMVLD/Impression_1/fp_1/522.jpg
523,26,30,9,11,12,/home/mohammed/server/FMVLD/Impression_1/fp_1/523.jpg
524,24,35,15,7,13,/home/mohammed/server/FMVLD/Impression_1/fp_1/524.jpg
525,31,28,15,10,10,/home/mohammed/server/FMVLD/Impression_1/fp_1/525.jpg
526,37,35,24,13,13,/home/mohammed/server/FMVLD/Impression_1/fp_1/526.jpg
527,27,31,9,16,13,/home/mohammed/server/FMVLD/Impression_1/fp_1/527.jpg
528,28,28,10,13,5,/home/mohammed/server/FMVLD/Impression_1/fp_1/528.jpg
529,18,23,15,7,10,/home/mohammed/server/FMVLD/Impression_1/fp_1/529.jpg
530,21,31,7,6,12,/home/mohammed/server/FMVLD/Impression_1/fp_1/530.jpg
531,19,20,13,9,15,/home/mohammed/server/FMVLD/Impression_1/fp_1/531.jpg
532,22,29,23,6,10,/home/mohammed/server/FMVLD/Impression_1/fp_1/532.jpg
533,18,28,18,7,10,/home/mohammed/server/FMVLD/Impression_1/fp_1/533.jpg
534,20,26,15,5,13,/home/mohammed/server/FMVLD/Impression_1/fp_1/534.jpg
535,16,29,12,8,18,/home/mohammed/server/FMVLD/Impression_1/fp_1/535.jpg
536,22,23,14,7,9,/home/mohammed/server/FMVLD/Impression_1/fp_1/536.jpg
537,30,18,12,3,4,/home/mohammed/server/FMVLD/Impression_1/fp_1/537.jpg
538,33,25,12,14,9,/home/mohammed/server/FMVLD/Impression_1/fp_1/538.jpg
539,21,26,16,6,13,/home/mohammed/server/FMVLD/Impression_1/fp_1/539.jpg
540,21,40,16,7,7,/home/mohammed/server/FMVLD/Impression_1/fp_1/540.jpg
541,17,22,17,2,10,/home/mohammed/server/FMVLD/Impression_1/fp_1/541.jpg
542,28,31,13,8,11,/home/mohammed/server/FMVLD/Impression_1/fp_1/542.jpg
543,23,24,14,8,11,/home/mohammed/server/FMVLD/Impression_1/fp_1/543.jpg
544,35,35,10,4,12,/home/mohammed/server/FMVLD/Impression_1/fp_1/544.jpg
545,24,24,10,3,8,/home/mohammed/server/FMVLD/Impression_1/fp_1/545.jpg
546,21,18,22,8,8,/home/mohammed/server/FMVLD/Impression_1/fp_1/546.jpg
547,14,23,11,4,6,/home/mohammed/server/FMVLD/Impression_1/fp_1/547.jpg
548,19,21,16,3,10,/home/mohammed/server/FMVLD/Impression_1/fp_1/548.jpg
549,17,26,9,0,5,/home/mohammed/server/FMVLD/Impression_1/fp_1/549.jpg
550,24,22,19,1,7,/home/mohammed/server/FMVLD/Impression_1/fp_1/550.jpg
551,16,17,12,5,9,/home/mohammed/server/FMVLD/Impression_1/fp_1/551.jpg
552,19,21,11,5,5,/home/mohammed/server/FMVLD/Impression_1/fp_1/552.jpg
553,17,24,7,3,8,/home/mohammed/server/FMVLD/Impression_1/fp_1/553.jpg
554,18,18,13,3,7,/home/mohammed/server/FMVLD/Impression_1/fp_1/554.jpg
555,22,38,19,6,11,/home/mohammed/server/FMVLD/Impression_1/fp_1/555.jpg
556,21,26,8,8,11,/home/mohammed/server/FMVLD/Impression_1/fp_1/556.jpg
557,10,21,14,3,8,/home/mohammed/server/FMVLD/Impression_1/fp_1/557.jpg
558,17,15,7,9,10,/home/mohammed/server/FMVLD/Impression_1/fp_1/558.jpg
559,20,20,16,4,8,/home/mohammed/server/FMVLD/Impression_1/fp_1/559.jpg
560,13,19,7,3,6,/home/mohammed/server/FMVLD/Impression_1/fp_1/560.jpg
561,21,25,10,5,9,/home/mohammed/server/FMVLD/Impression_1/fp_1/561.jpg
562,19,33,5,1,6,/home/mohammed/server/FMVLD/Impression_1/fp_1/562.jpg
563,30,41,13,3,8,/home/mohammed/server/FMVLD/Impression_1/fp_1/563.jpg
564,31,35,11,9,9,/home/mohammed/server/FMVLD/Impression_1/fp_1/564.jpg
565,24,29,14,8,14,/home/mohammed/server/FMVLD/Impression_1/fp_1/565.jpg
566,27,23,20,9,9,/home/mohammed/server/FMVLD/Impression_1/fp_1/566.jpg
567,28,34,10,3,11,/home/mohammed/server/FMVLD/Impression_1/fp_1/567.jpg
568,12,18,13,6,11,/home/mohammed/server/FMVLD/Impression_1/fp_1/568.jpg
569,32,18,6,4,11,/home/mohammed/server/FMVLD/Impression_1/fp_1/569.jpg
570,22,23,12,5,7,/home/mohammed/server/FMVLD/Impression_1/fp_1/570.jpg
571,26,27,25,8,9,/home/mohammed/server/FMVLD/Impression_1/fp_1/571.jpg
572,25,24,11,4,6,/home/mohammed/server/FMVLD/Impression_1/fp_1/572.jpg
573,31,27,16,7,18,/home/mohammed/server/FMVLD/Impression_1/fp_1/573.jpg
574,24,33,10,6,9,/home/mohammed/server/FMVLD/Impression_1/fp_1/574.jpg
575,24,27,19,4,10,/home/mohammed/server/FMVLD/Impression_1/fp_1/575.jpg
576,20,20,6,11,9,/home/mohammed/server/FMVLD/Impression_1/fp_1/576.jpg
577,21,13,16,10,10,/home/mohammed/server/FMVLD/Impression_1/fp_1/577.jpg
578,21,27,7,3,10,/home/mohammed/server/FMVLD/Impression_1/fp_1/578.jpg
579,20,21,10,4,9,/home/mohammed/server/FMVLD/Impression_1/fp_1/579.jpg
580,19,29,14,6,10,/home/mohammed/server/FMVLD/Impression_1/fp_1/580.jpg
581,19,22,16,7,12,/home/mohammed/server/FMVLD/Impression_1/fp_1/581.jpg
582,28,35,17,12,12,/home/mohammed/server/FMVLD/Impression_1/fp_1/582.jpg
583,13,19,11,10,10,/home/mohammed/server/FMVLD/Impression_1/fp_1/583.jpg
584,17,26,21,0,4,/home/mohammed/server/FMVLD/Impression_1/fp_1/584.jpg
585,28,30,27,4,9,/home/mohammed/server/FMVLD/Impression_1/fp_1/585.jpg
586,20,35,14,4,10,/home/mohammed/server/FMVLD/Impression_1/fp_1/586.jpg
587,16,18,19,7,7,/home/mohammed/server/FMVLD/Impression_1/fp_1/587.jpg
588,34,33,8,15,6,/home/mohammed/server/FMVLD/Impression_1/fp_1/588.jpg
589,29,31,10,8,14,/home/mohammed/server/FMVLD/Impression_1/fp_1/589.jpg
590,25,24,13,3,10,/home/mohammed/server/FMVLD/Impression_1/fp_1/590.jpg
591,24,27,11,8,6,/home/mohammed/server/FMVLD/Impression_1/fp_1/591.jpg
592,20,37,14,6,8,/home/mohammed/server/FMVLD/Impression_1/fp_1/592.jpg
593,20,27,18,8,12,/home/mohammed/server/FMVLD/Impression_1/fp_1/593.jpg
594,21,24,13,4,8,/home/mohammed/server/FMVLD/Impression_1/fp_1/594.jpg
595,18,25,10,9,5,/home/mohammed/server/FMVLD/Impression_1/fp_1/595.jpg
596,27,39,12,6,8,/home/mohammed/server/FMVLD/Impression_1/fp_1/596.jpg
597,33,27,20,9,9,/home/mohammed/server/FMVLD/Impression_1/fp_1/597.jpg
598,19,24,11,6,9,/home/mohammed/server/FMVLD/Impression_1/fp_1/598.jpg
599,22,25,15,5,4,/home/mohammed/server/FMVLD/Impression_1/fp_1/599.jpg
600,23,29,14,4,12,/home/mohammed/server/FMVLD/Impression_1/fp_1/600.jpg
601,22,17,12,4,12,/home/mohammed/server/FMVLD/Impression_1/fp_1/601.jpg
602,17,22,10,6,12,/home/mohammed/server/FMVLD/Impression_1/fp_1/602.jpg
603,16,18,9,4,2,/home/mohammed/server/FMVLD/Impression_1/fp_1/603.jpg
604,13,27,18,3,9,/home/mohammed/server/FMVLD/Impression_1/fp_1/604.jpg
605,23,21,14,4,9,/home/mohammed/server/FMVLD/Impression_1/fp_1/605.jpg
606,22,22,14,2,11,/home/mohammed/server/FMVLD/Impression_1/fp_1/606.jpg
607,16,27,17,5,10,/home/mohammed/server/FMVLD/Impression_1/fp_1/607.jpg
608,18,21,12,8,4,/home/mohammed/server/FMVLD/Impression_1/fp_1/608.jpg
609,28,28,13,5,9,/home/mohammed/server/FMVLD/Impression_1/fp_1/609.jpg
610,22,23,22,4,16,/home/mohammed/server/FMVLD/Impression_1/fp_1/610.jpg
611,24,26,6,6,9,/home/mohammed/server/FMVLD/Impression_1/fp_1/611.jpg
612,30,33,10,6,6,/home/mohammed/server/FMVLD/Impression_1/fp_1/612.jpg
613,23,17,13,6,10,/home/mohammed/server/FMVLD/Impression_1/fp_1/613.jpg
614,25,23,16,8,8,/home/mohammed/server/FMVLD/Impression_1/fp_1/614.jpg
615,14,33,8,3,12,/home/mohammed/server/FMVLD/Impression_1/fp_1/615.jpg
616,19,19,8,2,9,/home/mohammed/server/FMVLD/Impression_1/fp_1/616.jpg
617,20,28,16,4,4,/home/mohammed/server/FMVLD/Impression_1/fp_1/617.jpg
618,30,33,18,6,7,/home/mohammed/server/FMVLD/Impression_1/fp_1/618.jpg
619,11,26,6,4,13,/home/mohammed/server/FMVLD/Impression_1/fp_1/619.jpg
620,19,22,14,5,16,/home/mohammed/server/FMVLD/Impression_1/fp_1/620.jpg
621,29,16,15,4,7,/home/mohammed/server/FMVLD/Impression_1/fp_1/621.jpg
622,20,20,17,4,9,/home/mohammed/server/FMVLD/Impression_1/fp_1/622.jpg
623,33,27,19,10,7,/home/mohammed/server/FMVLD/Impression_1/fp_1/623.jpg
624,19,28,15,1,11,/home/mohammed/server/FMVLD/Impression_1/fp_1/624.jpg
625,13,21,14,9,7,/home/mohammed/server/FMVLD/Impression_1/fp_1/625.jpg
626,29,36,12,3,4,/home/mohammed/server/FMVLD/Impression_1/fp_1/626.jpg
627,26,31,20,10,17,/home/mohammed/server/FMVLD/Impression_1/fp_1/627.jpg
628,22,20,18,6,10,/home/mohammed/server/FMVLD/Impression_1/fp_1/628.jpg
629,35,29,17,4,8,/home/mohammed/server/FMVLD/Impression_1/fp_1/629.jpg
630,31,31,10,15,16,/home/mohammed/server/FMVLD/Impression_1/fp_1/630.jpg
631,14,38,10,5,8,/home/mohammed/server/FMVLD/Impression_1/fp_1/631.jpg
632,16,30,12,11,6,/home/mohammed/server/FMVLD/Impression_1/fp_1/632.jpg
633,34,29,16,4,10,/home/mohammed/server/FMVLD/Impression_1/fp_1/633.jpg
634,27,34,20,4,9,/home/mohammed/server/FMVLD/Impression_1/fp_1/634.jpg
635,22,26,17,3,12,/home/mohammed/server/FMVLD/Impression_1/fp_1/635.jpg
636,23,23,15,4,7,/home/mohammed/server/FMVLD/Impression_1/fp_1/636.jpg
637,22,21,17,9,7,/home/mohammed/server/FMVLD/Impression_1/fp_1/637.jpg
638,28,26,16,8,8,/home/mohammed/server/FMVLD/Impression_1/fp_1/638.jpg
639,21,27,12,2,9,/home/mohammed/server/FMVLD/Impression_1/fp_1/639.jpg
640,16,29,8,2,5,/home/mohammed/server/FMVLD/Impression_1/fp_1/640.jpg
641,26,18,11,4,10,/home/mohammed/server/FMVLD/Impression_1/fp_1/641.jpg
642,30,25,20,11,10,/home/mohammed/server/FMVLD/Impression_1/fp_1/642.jpg
643,23,21,16,8,10,/home/mohammed/server/FMVLD/Impression_1/fp_1/643.jpg
644,21,26,13,5,3,/home/mohammed/server/FMVLD/Impression_1/fp_1/644.jpg
645,15,29,14,7,7,/home/mohammed/server/FMVLD/Impression_1/fp_1/645.jpg
646,21,27,14,3,11,/home/mohammed/server/FMVLD/Impression_1/fp_1/646.jpg
647,22,22,8,4,8,/home/mohammed/server/FMVLD/Impression_1/fp_1/647.jpg
648,12,21,7,6,8,/home/mohammed/server/FMVLD/Impression_1/fp_1/648.jpg
649,18,27,18,10,7,/home/mohammed/server/FMVLD/Impression_1/fp_1/649.jpg
650,32,21,25,6,18,/home/mohammed/server/FMVLD/Impression_1/fp_1/650.jpg
651,24,26,19,6,9,/home/mohammed/server/FMVLD/Impression_1/fp_1/651.jpg
652,34,27,24,7,5,/home/mohammed/server/FMVLD/Impression_1/fp_1/652.jpg
653,12,23,10,6,4,/home/mohammed/server/FMVLD/Impression_1/fp_1/653.jpg
654,29,24,16,7,8,/home/mohammed/server/FMVLD/Impression_1/fp_1/654.jpg
655,23,17,12,6,15,/home/mohammed/server/FMVLD/Impression_1/fp_1/655.jpg
656,26,24,16,6,12,/home/mohammed/server/FMVLD/Impression_1/fp_1/656.jpg
657,16,11,8,9,4,/home/mohammed/server/FMVLD/Impression_1/fp_1/657.jpg
658,24,26,25,2,5,/home/mohammed/server/FMVLD/Impression_1/fp_1/658.jpg
659,12,20,15,1,2,/home/mohammed/server/FMVLD/Impression_1/fp_1/659.jpg
660,19,31,18,3,5,/home/mohammed/server/FMVLD/Impression_1/fp_1/660.jpg
661,20,23,11,8,10,/home/mohammed/server/FMVLD/Impression_1/fp_1/661.jpg
662,12,18,8,6,6,/home/mohammed/server/FMVLD/Impression_1/fp_1/662.jpg
663,24,19,12,2,10,/home/mohammed/server/FMVLD/Impression_1/fp_1/663.jpg
664,22,10,16,3,6,/home/mohammed/server/FMVLD/Impression_1/fp_1/664.jpg
665,21,32,9,3,13,/home/mohammed/server/FMVLD/Impression_1/fp_1/665.jpg
666,25,29,8,10,19,/home/mohammed/server/FMVLD/Impression_1/fp_1/666.jpg
667,16,35,11,10,8,/home/mohammed/server/FMVLD/Impression_1/fp_1/667.jpg
668,12,19,12,7,11,/home/mohammed/server/FMVLD/Impression_1/fp_1/668.jpg
669,20,32,17,4,8,/home/mohammed/server/FMVLD/Impression_1/fp_1/669.jpg
670,15,22,12,5,17,/home/mohammed/server/FMVLD/Impression_1/fp_1/670.jpg
671,32,34,22,5,11,/home/mohammed/server/FMVLD/Impression_1/fp_1/671.jpg
672,22,26,19,11,11,/home/mohammed/server/FMVLD/Impression_1/fp_1/672.jpg
673,17,24,10,10,8,/home/mohammed/server/FMVLD/Impression_1/fp_1/673.jpg
674,30,24,13,3,13,/home/mohammed/server/FMVLD/Impression_1/fp_1/674.jpg
675,18,39,10,7,14,/home/mohammed/server/FMVLD/Impression_1/fp_1/675.jpg
676,29,30,13,7,6,/home/mohammed/server/FMVLD/Impression_1/fp_1/676.jpg
677,21,22,15,5,5,/home/mohammed/server/FMVLD/Impression_1/fp_1/677.jpg
678,29,28,15,2,10,/home/mohammed/server/FMVLD/Impression_1/fp_1/678.jpg
679,25,33,8,8,16,/home/mohammed/server/FMVLD/Impression_1/fp_1/679.jpg
680,13,25,10,4,8,/home/mohammed/server/FMVLD/Impression_1/fp_1/680.jpg
681,20,24,9,5,7,/home/mohammed/server/FMVLD/Impression_1/fp_1/681.jpg
682,13,25,11,7,10,/home/mohammed/server/FMVLD/Impression_1/fp_1/682.jpg
683,19,35,14,2,9,/home/mohammed/server/FMVLD/Impression_1/fp_1/683.jpg
684,24,24,18,3,10,/home/mohammed/server/FMVLD/Impression_1/fp_1/684.jpg
685,13,15,6,6,5,/home/mohammed/server/FMVLD/Impression_1/fp_1/685.jpg
686,17,19,19,4,5,/home/mohammed/server/FMVLD/Impression_1/fp_1/686.jpg
687,28,19,12,10,5,/home/mohammed/server/FMVLD/Impression_1/fp_1/687.jpg
688,16,32,14,4,5,/home/mohammed/server/FMVLD/Impression_1/fp_1/688.jpg
689,24,27,12,11,7,/home/mohammed/server/FMVLD/Impression_1/fp_1/689.jpg
690,28,28,12,4,9,/home/mohammed/server/FMVLD/Impression_1/fp_1/690.jpg
691,30,24,13,6,8,/home/mohammed/server/FMVLD/Impression_1/fp_1/691.jpg
692,29,31,14,6,12,/home/mohammed/server/FMVLD/Impression_1/fp_1/692.jpg
693,15,28,12,8,12,/home/mohammed/server/FMVLD/Impression_1/fp_1/693.jpg
694,27,30,13,4,6,/home/mohammed/server/FMVLD/Impression_1/fp_1/694.jpg
695,18,31,11,5,5,/home/mohammed/server/FMVLD/Impression_1/fp_1/695.jpg
696,21,26,15,10,8,/home/mohammed/server/FMVLD/Impression_1/fp_1/696.jpg
697,27,29,29,1,15,/home/mohammed/server/FMVLD/Impression_1/fp_1/697.jpg
698,25,36,17,4,9,/home/mohammed/server/FMVLD/Impression_1/fp_1/698.jpg
699,22,26,17,7,7,/home/mohammed/server/FMVLD/Impression_1/fp_1/699.jpg
700,34,32,16,7,14,/home/mohammed/server/FMVLD/Impression_1/fp_1/700.jpg
701,29,27,18,7,7,/home/mohammed/server/FMVLD/Impression_1/fp_1/701.jpg
702,24,38,16,7,12,/home/mohammed/server/FMVLD/Impression_1/fp_1/702.jpg
703,19,34,21,2,10,/home/mohammed/server/FMVLD/Impression_1/fp_1/703.jpg
704,29,34,18,3,11,/home/mohammed/server/FMVLD/Impression_1/fp_1/704.jpg
705,26,26,15,9,9,/home/mohammed/server/FMVLD/Impression_1/fp_1/705.jpg
706,25,22,15,9,13,/home/mohammed/server/FMVLD/Impression_1/fp_1/706.jpg
707,25,28,20,4,13,/home/mohammed/server/FMVLD/Impression_1/fp_1/707.jpg
708,20,29,8,10,10,/home/mohammed/server/FMVLD/Impression_1/fp_1/708.jpg
709,20,25,13,3,14,/home/mohammed/server/FMVLD/Impression_1/fp_1/709.jpg
710,22,20,19,4,8,/home/mohammed/server/FMVLD/Impression_1/fp_1/710.jpg
711,21,34,15,3,5,/home/mohammed/server/FMVLD/Impression_1/fp_1/711.jpg
712,21,23,16,4,8,/home/mohammed/server/FMVLD/Impression_1/fp_1/712.jpg
713,26,24,15,12,13,/home/mohammed/server/FMVLD/Impression_1/fp_1/713.jpg
714,22,28,17,3,11,/home/mohammed/server/FMVLD/Impression_1/fp_1/714.jpg
715,32,21,13,5,12,/home/mohammed/server/FMVLD/Impression_1/fp_1/715.jpg
716,26,27,5,4,7,/home/mohammed/server/FMVLD/Impression_1/fp_1/716.jpg
717,28,20,22,8,12,/home/mohammed/server/FMVLD/Impression_1/fp_1/717.jpg
718,27,35,22,2,12,/home/mohammed/server/FMVLD/Impression_1/fp_1/718.jpg
719,24,36,13,3,10,/home/mohammed/server/FMVLD/Impression_1/fp_1/719.jpg
720,23,34,18,5,9,/home/mohammed/server/FMVLD/Impression_1/fp_1/720.jpg
721,23,28,13,3,7,/home/mohammed/server/FMVLD/Impression_1/fp_1/721.jpg
722,22,28,11,8,10,/home/mohammed/server/FMVLD/Impression_1/fp_1/722.jpg
723,17,18,12,6,7,/home/mohammed/server/FMVLD/Impression_1/fp_1/723.jpg
724,22,26,10,8,15,/home/mohammed/server/FMVLD/Impression_1/fp_1/724.jpg
725,27,23,20,9,7,/home/mohammed/server/FMVLD/Impression_1/fp_1/725.jpg
726,26,28,14,6,14,/home/mohammed/server/FMVLD/Impression_1/fp_1/726.jpg
727,18,30,13,5,9,/home/mohammed/server/FMVLD/Impression_1/fp_1/727.jpg
728,16,33,12,9,10,/home/mohammed/server/FMVLD/Impression_1/fp_1/728.jpg
729,16,22,8,10,8,/home/mohammed/server/FMVLD/Impression_1/fp_1/729.jpg
730,24,31,11,2,10,/home/mohammed/server/FMVLD/Impression_1/fp_1/730.jpg
731,21,28,15,5,6,/home/mohammed/server/FMVLD/Impression_1/fp_1/731.jpg
732,17,22,6,9,8,/home/mohammed/server/FMVLD/Impression_1/fp_1/732.jpg
733,20,37,19,4,5,/home/mohammed/server/FMVLD/Impression_1/fp_1/733.jpg
734,23,31,17,5,13,/home/mohammed/server/FMVLD/Impression_1/fp_1/734.jpg
735,21,33,11,4,10,/home/mohammed/server/FMVLD/Impression_1/fp_1/735.jpg
736,19,28,10,3,11,/home/mohammed/server/FMVLD/Impression_1/fp_1/736.jpg
737,19,28,9,5,16,/home/mohammed/server/FMVLD/Impression_1/fp_1/737.jpg
738,25,34,13,9,12,/home/mohammed/server/FMVLD/Impression_1/fp_1/738.jpg
739,18,31,18,5,8,/home/mohammed/server/FMVLD/Impression_1/fp_1/739.jpg
740,25,31,6,6,13,/home/mohammed/server/FMVLD/Impression_1/fp_1/740.jpg
741,26,28,13,8,9,/home/mohammed/server/FMVLD/Impression_1/fp_1/741.jpg
742,31,34,16,9,9,/home/mohammed/server/FMVLD/Impression_1/fp_1/742.jpg
743,32,28,10,4,10,/home/mohammed/server/FMVLD/Impression_1/fp_1/743.jpg
744,21,26,14,5,13,/home/mohammed/server/FMVLD/Impression_1/fp_1/744.jpg
745,17,25,11,3,10,/home/mohammed/server/FMVLD/Impression_1/fp_1/745.jpg
746,27,22,19,6,10,/home/mohammed/server/FMVLD/Impression_1/fp_1/746.jpg
747,20,18,9,4,5,/home/mohammed/server/FMVLD/Impression_1/fp_1/747.jpg
748,20,38,16,4,10,/home/mohammed/server/FMVLD/Impression_1/fp_1/748.jpg
749,21,34,11,6,9,/home/mohammed/server/FMVLD/Impression_1/fp_1/749.jpg
750,26,34,11,5,9,/home/mohammed/server/FMVLD/Impression_1/fp_1/750.jpg
751,26,25,15,7,14,/home/mohammed/server/FMVLD/Impression_1/fp_1/751.jpg
752,22,34,13,5,11,/home/mohammed/server/FMVLD/Impression_1/fp_1/752.jpg
753,22,26,14,10,5,/home/mohammed/server/FMVLD/Impression_1/fp_1/753.jpg
754,15,28,19,7,9,/home/mohammed/server/FMVLD/Impression_1/fp_1/754.jpg
755,15,31,13,8,8,/home/mohammed/server/FMVLD/Impression_1/fp_1/755.jpg
756,19,18,16,5,7,/home/mohammed/server/FMVLD/Impression_1/fp_1/756.jpg
757,19,28,11,12,17,/home/mohammed/server/FMVLD/Impression_1/fp_1/757.jpg
758,22,20,11,5,7,/home/mohammed/server/FMVLD/Impression_1/fp_1/758.jpg
759,21,29,13,13,7,/home/mohammed/server/FMVLD/Impression_1/fp_1/759.jpg
760,16,13,19,6,6,/home/mohammed/server/FMVLD/Impression_1/fp_1/760.jpg
761,18,22,8,2,6,/home/mohammed/server/FMVLD/Impression_1/fp_1/761.jpg
762,26,20,10,7,8,/home/mohammed/server/FMVLD/Impression_1/fp_1/762.jpg
763,19,41,11,10,10,/home/mohammed/server/FMVLD/Impression_1/fp_1/763.jpg
764,21,27,16,4,12,/home/mohammed/server/FMVLD/Impression_1/fp_1/764.jpg
765,21,30,20,4,12,/home/mohammed/server/FMVLD/Impression_1/fp_1/765.jpg
766,10,27,15,5,5,/home/mohammed/server/FMVLD/Impression_1/fp_1/766.jpg
767,31,35,18,12,8,/home/mohammed/server/FMVLD/Impression_1/fp_1/767.jpg
768,15,18,8,2,7,/home/mohammed/server/FMVLD/Impression_1/fp_1/768.jpg
769,22,25,16,9,5,/home/mohammed/server/FMVLD/Impression_1/fp_1/769.jpg
770,19,19,12,2,11,/home/mohammed/server/FMVLD/Impression_1/fp_1/770.jpg
771,20,28,11,6,6,/home/mohammed/server/FMVLD/Impression_1/fp_1/771.jpg
772,17,20,7,4,8,/home/mohammed/server/FMVLD/Impression_1/fp_1/772.jpg
773,19,24,13,4,9,/home/mohammed/server/FMVLD/Impression_1/fp_1/773.jpg
774,17,24,17,7,10,/home/mohammed/server/FMVLD/Impression_1/fp_1/774.jpg
775,19,27,7,7,7,/home/mohammed/server/FMVLD/Impression_1/fp_1/775.jpg
776,19,25,17,5,8,/home/mohammed/server/FMVLD/Impression_1/fp_1/776.jpg
777,26,23,8,2,7,/home/mohammed/server/FMVLD/Impression_1/fp_1/777.jpg
778,24,26,6,6,7,/home/mohammed/server/FMVLD/Impression_1/fp_1/778.jpg
779,21,22,14,4,11,/home/mohammed/server/FMVLD/Impression_1/fp_1/779.jpg
780,34,22,9,8,5,/home/mohammed/server/FMVLD/Impression_1/fp_1/780.jpg
781,28,39,18,3,10,/home/mohammed/server/FMVLD/Impression_1/fp_1/781.jpg
782,18,23,17,7,8,/home/mohammed/server/FMVLD/Impression_1/fp_1/782.jpg
783,21,31,13,5,5,/home/mohammed/server/FMVLD/Impression_1/fp_1/783.jpg
784,19,20,7,5,10,/home/mohammed/server/FMVLD/Impression_1/fp_1/784.jpg
785,19,29,20,6,11,/home/mohammed/server/FMVLD/Impression_1/fp_1/785.jpg
786,21,24,12,9,7,/home/mohammed/server/FMVLD/Impression_1/fp_1/786.jpg
787,19,25,12,3,5,/home/mohammed/server/FMVLD/Impression_1/fp_1/787.jpg
788,22,33,10,3,9,/home/mohammed/server/FMVLD/Impression_1/fp_1/788.jpg
789,20,30,10,4,5,/home/mohammed/server/FMVLD/Impression_1/fp_1/789.jpg
790,32,23,26,4,5,/home/mohammed/server/FMVLD/Impression_1/fp_1/790.jpg
791,22,25,8,4,11,/home/mohammed/server/FMVLD/Impression_1/fp_1/791.jpg
792,17,22,12,9,4,/home/mohammed/server/FMVLD/Impression_1/fp_1/792.jpg
793,24,27,18,3,9,/home/mohammed/server/FMVLD/Impression_1/fp_1/793.jpg
794,21,26,8,9,6,/home/mohammed/server/FMVLD/Impression_1/fp_1/794.jpg
795,21,16,11,4,4,/home/mohammed/server/FMVLD/Impression_1/fp_1/795.jpg
796,18,34,8,4,5,/home/mohammed/server/FMVLD/Impression_1/fp_1/796.jpg
797,25,27,9,4,9,/home/mohammed/server/FMVLD/Impression_1/fp_1/797.jpg
798,20,23,7,5,11,/home/mohammed/server/FMVLD/Impression_1/fp_1/798.jpg
799,20,27,4,6,8,/home/mohammed/server/FMVLD/Impression_1/fp_1/799.jpg
800,19,28,9,4,8,/home/mohammed/server/FMVLD/Impression_1/fp_1/800.jpg
801,18,25,19,5,9,/home/mohammed/server/FMVLD/Impression_1/fp_1/801.jpg
802,26,25,26,6,16,/home/mohammed/server/FMVLD/Impression_1/fp_1/802.jpg
803,33,27,10,2,9,/home/mohammed/server/FMVLD/Impression_1/fp_1/803.jpg
804,28,25,10,7,8,/home/mohammed/server/FMVLD/Impression_1/fp_1/804.jpg
805,20,22,17,4,13,/home/mohammed/server/FMVLD/Impression_1/fp_1/805.jpg
806,29,24,19,5,9,/home/mohammed/server/FMVLD/Impression_1/fp_1/806.jpg
807,23,30,21,6,9,/home/mohammed/server/FMVLD/Impression_1/fp_1/807.jpg
808,19,23,13,8,7,/home/mohammed/server/FMVLD/Impression_1/fp_1/808.jpg
809,23,24,10,5,7,/home/mohammed/server/FMVLD/Impression_1/fp_1/809.jpg
810,14,33,12,3,7,/home/mohammed/server/FMVLD/Impression_1/fp_1/810.jpg
811,23,29,9,2,4,/home/mohammed/server/FMVLD/Impression_1/fp_1/811.jpg
812,21,25,20,5,10,/home/mohammed/server/FMVLD/Impression_1/fp_1/812.jpg
813,15,29,7,4,13,/home/mohammed/server/FMVLD/Impression_1/fp_1/813.jpg
814,19,33,7,6,10,/home/mohammed/server/FMVLD/Impression_1/fp_1/814.jpg
815,26,19,15,9,12,/home/mohammed/server/FMVLD/Impression_1/fp_1/815.jpg
816,26,32,26,6,7,/home/mohammed/server/FMVLD/Impression_1/fp_1/816.jpg
817,13,18,12,6,6,/home/mohammed/server/FMVLD/Impression_1/fp_1/817.jpg
818,22,34,14,9,13,/home/mohammed/server/FMVLD/Impression_1/fp_1/818.jpg
819,20,21,14,5,10,/home/mohammed/server/FMVLD/Impression_1/fp_1/819.jpg
820,19,27,23,3,8,/home/mohammed/server/FMVLD/Impression_1/fp_1/820.jpg
821,29,26,10,9,5,/home/mohammed/server/FMVLD/Impression_1/fp_1/821.jpg
822,33,27,17,4,5,/home/mohammed/server/FMVLD/Impression_1/fp_1/822.jpg
823,28,38,5,3,11,/home/mohammed/server/FMVLD/Impression_1/fp_1/823.jpg
824,16,22,15,4,7,/home/mohammed/server/FMVLD/Impression_1/fp_1/824.jpg
825,24,26,10,7,8,/home/mohammed/server/FMVLD/Impression_1/fp_1/825.jpg
826,15,13,11,5,3,/home/mohammed/server/FMVLD/Impression_1/fp_1/826.jpg
827,11,26,6,6,12,/home/mohammed/server/FMVLD/Impression_1/fp_1/827.jpg
828,15,8,13,9,6,/home/mohammed/server/FMVLD/Impression_1/fp_1/828.jpg
829,18,27,19,7,6,/home/mohammed/server/FMVLD/Impression_1/fp_1/829.jpg
830,12,26,12,2,8,/home/mohammed/server/FMVLD/Impression_1/fp_1/830.jpg
831,16,25,20,6,8,/home/mohammed/server/FMVLD/Impression_1/fp_1/831.jpg
832,13,20,10,6,14,/home/mohammed/server/FMVLD/Impression_1/fp_1/832.jpg
833,24,21,8,8,11,/home/mohammed/server/FMVLD/Impression_1/fp_1/833.jpg
834,17,38,19,4,12,/home/mohammed/server/FMVLD/Impression_1/fp_1/834.jpg
835,13,17,11,11,11,/home/mohammed/server/FMVLD/Impression_1/fp_1/835.jpg
836,18,29,16,4,8,/home/mohammed/server/FMVLD/Impression_1/fp_1/836.jpg
837,19,28,13,8,10,/home/mohammed/server/FMVLD/Impression_1/fp_1/837.jpg
838,27,25,16,2,14,/home/mohammed/server/FMVLD/Impression_1/fp_1/838.jpg
839,27,23,22,5,11,/home/mohammed/server/FMVLD/Impression_1/fp_1/839.jpg
840,16,27,13,2,10,/home/mohammed/server/FMVLD/Impression_1/fp_1/840.jpg
841,31,26,11,4,1,/home/mohammed/server/FMVLD/Impression_1/fp_1/841.jpg
842,18,34,14,4,6,/home/mohammed/server/FMVLD/Impression_1/fp_1/842.jpg
843,20,27,11,10,11,/home/mohammed/server/FMVLD/Impression_1/fp_1/843.jpg
844,19,28,13,8,13,/home/mohammed/server/FMVLD/Impression_1/fp_1/844.jpg
845,19,23,8,6,7,/home/mohammed/server/FMVLD/Impression_1/fp_1/845.jpg
846,26,31,10,8,6,/home/mohammed/server/FMVLD/Impression_1/fp_1/846.jpg
847,24,27,15,4,8,/home/mohammed/server/FMVLD/Impression_1/fp_1/847.jpg
848,16,24,18,8,9,/home/mohammed/server/FMVLD/Impression_1/fp_1/848.jpg
849,25,25,23,6,14,/home/mohammed/server/FMVLD/Impression_1/fp_1/849.jpg
850,14,27,12,4,10,/home/mohammed/server/FMVLD/Impression_1/fp_1/850.jpg
851,31,28,22,1,9,/home/mohammed/server/FMVLD/Impression_1/fp_1/851.jpg
852,10,21,11,3,12,/home/mohammed/server/FMVLD/Impression_1/fp_1/852.jpg
853,18,21,8,3,7,/home/mohammed/server/FMVLD/Impression_1/fp_1/853.jpg
854,19,18,15,4,8,/home/mohammed/server/FMVLD/Impression_1/fp_1/854.jpg
855,27,32,24,5,7,/home/mohammed/server/FMVLD/Impression_1/fp_1/855.jpg
856,24,20,10,6,13,/home/mohammed/server/FMVLD/Impression_1/fp_1/856.jpg
857,18,33,21,7,5,/home/mohammed/server/FMVLD/Impression_1/fp_1/857.jpg
858,16,18,21,1,12,/home/mohammed/server/FMVLD/Impression_1/fp_1/858.jpg
859,17,38,23,8,17,/home/mohammed/server/FMVLD/Impression_1/fp_1/859.jpg
860,21,20,14,8,11,/home/mohammed/server/FMVLD/Impression_1/fp_1/860.jpg
861,22,31,11,3,10,/home/mohammed/server/FMVLD/Impression_1/fp_1/861.jpg
862,24,14,16,4,5,/home/mohammed/server/FMVLD/Impression_1/fp_1/862.jpg
863,16,28,23,5,7,/home/mohammed/server/FMVLD/Impression_1/fp_1/863.jpg
864,21,36,12,5,7,/home/mohammed/server/FMVLD/Impression_1/fp_1/864.jpg
865,19,21,12,6,9,/home/mohammed/server/FMVLD/Impression_1/fp_1/865.jpg
866,17,20,13,8,13,/home/mohammed/server/FMVLD/Impression_1/fp_1/866.jpg
867,18,26,15,9,8,/home/mohammed/server/FMVLD/Impression_1/fp_1/867.jpg
868,22,32,15,4,9,/home/mohammed/server/FMVLD/Impression_1/fp_1/868.jpg
869,28,33,13,5,11,/home/mohammed/server/FMVLD/Impression_1/fp_1/869.jpg
870,25,35,17,5,12,/home/mohammed/server/FMVLD/Impression_1/fp_1/870.jpg
871,26,22,8,3,8,/home/mohammed/server/FMVLD/Impression_1/fp_1/871.jpg
872,16,26,9,5,7,/home/mohammed/server/FMVLD/Impression_1/fp_1/872.jpg
873,18,29,12,4,8,/home/mohammed/server/FMVLD/Impression_1/fp_1/873.jpg
874,25,22,16,4,11,/home/mohammed/server/FMVLD/Impression_1/fp_1/874.jpg
875,18,28,8,10,7,/home/mohammed/server/FMVLD/Impression_1/fp_1/875.jpg
876,23,28,12,7,7,/home/mohammed/server/FMVLD/Impression_1/fp_1/876.jpg
877,13,22,18,3,14,/home/mohammed/server/FMVLD/Impression_1/fp_1/877.jpg
878,29,30,10,1,5,/home/mohammed/server/FMVLD/Impression_1/fp_1/878.jpg
879,28,25,19,8,10,/home/mohammed/server/FMVLD/Impression_1/fp_1/879.jpg
880,23,22,10,4,12,/home/mohammed/server/FMVLD/Impression_1/fp_1/880.jpg
881,31,39,17,7,7,/home/mohammed/server/FMVLD/Impression_1/fp_1/881.jpg
882,20,25,26,4,10,/home/mohammed/server/FMVLD/Impression_1/fp_1/882.jpg
883,26,21,15,5,9,/home/mohammed/server/FMVLD/Impression_1/fp_1/883.jpg
884,29,23,18,7,7,/home/mohammed/server/FMVLD/Impression_1/fp_1/884.jpg
885,24,31,20,6,15,/home/mohammed/server/FMVLD/Impression_1/fp_1/885.jpg
886,27,38,16,4,17,/home/mohammed/server/FMVLD/Impression_1/fp_1/886.jpg
887,28,34,25,8,6,/home/mohammed/server/FMVLD/Impression_1/fp_1/887.jpg
888,29,22,11,5,11,/home/mohammed/server/FMVLD/Impression_1/fp_1/888.jpg
889,22,25,25,5,9,/home/mohammed/server/FMVLD/Impression_1/fp_1/889.jpg
890,25,34,14,5,10,/home/mohammed/server/FMVLD/Impression_1/fp_1/890.jpg
891,22,36,9,11,14,/home/mohammed/server/FMVLD/Impression_1/fp_1/891.jpg
892,21,26,17,6,12,/home/mohammed/server/FMVLD/Impression_1/fp_1/892.jpg
893,24,31,13,5,11,/home/mohammed/server/FMVLD/Impression_1/fp_1/893.jpg
894,25,29,16,8,10,/home/mohammed/server/FMVLD/Impression_1/fp_1/894.jpg
895,24,31,12,10,7,/home/mohammed/server/FMVLD/Impression_1/fp_1/895.jpg
896,42,33,14,5,8,/home/mohammed/server/FMVLD/Impression_1/fp_1/896.jpg
897,22,18,10,2,10,/home/mohammed/server/FMVLD/Impression_1/fp_1/897.jpg
898,20,23,13,4,10,/home/mohammed/server/FMVLD/Impression_1/fp_1/898.jpg
899,10,22,10,4,7,/home/mohammed/server/FMVLD/Impression_1/fp_1/899.jpg
900,16,28,10,3,10,/home/mohammed/server/FMVLD/Impression_1/fp_1/900.jpg
901,16,21,7,10,9,/home/mohammed/server/FMVLD/Impression_1/fp_1/901.jpg
902,18,20,22,8,4,/home/mohammed/server/FMVLD/Impression_1/fp_1/902.jpg
903,20,33,9,4,7,/home/mohammed/server/FMVLD/Impression_1/fp_1/903.jpg
904,23,29,20,7,9,/home/mohammed/server/FMVLD/Impression_1/fp_1/904.jpg
905,17,24,4,0,5,/home/mohammed/server/FMVLD/Impression_1/fp_1/905.jpg
906,15,20,9,5,7,/home/mohammed/server/FMVLD/Impression_1/fp_1/906.jpg
907,19,30,9,6,7,/home/mohammed/server/FMVLD/Impression_1/fp_1/907.jpg
908,16,26,14,2,15,/home/mohammed/server/FMVLD/Impression_1/fp_1/908.jpg
909,17,27,20,4,12,/home/mohammed/server/FMVLD/Impression_1/fp_1/909.jpg
910,17,19,8,4,10,/home/mohammed/server/FMVLD/Impression_1/fp_1/910.jpg
911,18,25,12,8,13,/home/mohammed/server/FMVLD/Impression_1/fp_1/911.jpg
912,20,22,15,6,8,/home/mohammed/server/FMVLD/Impression_1/fp_1/912.jpg
913,20,18,9,8,6,/home/mohammed/server/FMVLD/Impression_1/fp_1/913.jpg
914,21,24,22,10,11,/home/mohammed/server/FMVLD/Impression_1/fp_1/914.jpg
915,16,28,12,11,11,/home/mohammed/server/FMVLD/Impression_1/fp_1/915.jpg
916,24,27,14,8,5,/home/mohammed/server/FMVLD/Impression_1/fp_1/916.jpg
917,24,23,22,6,10,/home/mohammed/server/FMVLD/Impression_1/fp_1/917.jpg
918,23,33,16,5,11,/home/mohammed/server/FMVLD/Impression_1/fp_1/918.jpg
919,26,27,17,9,11,/home/mohammed/server/FMVLD/Impression_1/fp_1/919.jpg
920,22,23,10,5,4,/home/mohammed/server/FMVLD/Impression_1/fp_1/920.jpg
921,18,30,14,8,4,/home/mohammed/server/FMVLD/Impression_1/fp_1/921.jpg
922,14,32,5,0,6,/home/mohammed/server/FMVLD/Impression_1/fp_1/922.jpg
923,21,30,14,6,7,/home/mohammed/server/FMVLD/Impression_1/fp_1/923.jpg
924,22,27,17,7,10,/home/mohammed/server/FMVLD/Impression_1/fp_1/924.jpg
925,18,26,13,9,5,/home/mohammed/server/FMVLD/Impression_1/fp_1/925.jpg
926,26,22,19,5,6,/home/mohammed/server/FMVLD/Impression_1/fp_1/926.jpg
927,20,11,9,4,9,/home/mohammed/server/FMVLD/Impression_1/fp_1/927.jpg
928,11,18,12,5,11,/home/mohammed/server/FMVLD/Impression_1/fp_1/928.jpg
929,28,18,12,4,9,/home/mohammed/server/FMVLD/Impression_1/fp_1/929.jpg
930,18,22,8,3,10,/home/mohammed/server/FMVLD/Impression_1/fp_1/930.jpg
931,30,25,12,4,6,/home/mohammed/server/FMVLD/Impression_1/fp_1/931.jpg
932,21,32,10,6,7,/home/mohammed/server/FMVLD/Impression_1/fp_1/932.jpg
933,23,33,14,5,19,/home/mohammed/server/FMVLD/Impression_1/fp_1/933.jpg
934,13,29,8,8,2,/home/mohammed/server/FMVLD/Impression_1/fp_1/934.jpg
935,12,22,10,2,6,/home/mohammed/server/FMVLD/Impression_1/fp_1/935.jpg
936,16,16,12,5,13,/home/mohammed/server/FMVLD/Impression_1/fp_1/936.jpg
937,21,24,21,9,10,/home/mohammed/server/FMVLD/Impression_1/fp_1/937.jpg
938,27,27,12,2,10,/home/mohammed/server/FMVLD/Impression_1/fp_1/938.jpg
939,32,31,11,9,13,/home/mohammed/server/FMVLD/Impression_1/fp_1/939.jpg
940,23,30,14,7,11,/home/mohammed/server/FMVLD/Impression_1/fp_1/940.jpg
941,25,16,16,12,11,/home/mohammed/server/FMVLD/Impression_1/fp_1/941.jpg
942,19,31,9,5,12,/home/mohammed/server/FMVLD/Impression_1/fp_1/942.jpg
943,20,23,8,8,16,/home/mohammed/server/FMVLD/Impression_1/fp_1/943.jpg
944,17,20,15,3,10,/home/mohammed/server/FMVLD/Impression_1/fp_1/944.jpg
945,25,36,11,3,13,/home/mohammed/server/FMVLD/Impression_1/fp_1/945.jpg
946,17,23,13,7,9,/home/mohammed/server/FMVLD/Impression_1/fp_1/946.jpg
947,20,30,11,2,6,/home/mohammed/server/FMVLD/Impression_1/fp_1/947.jpg
948,31,33,30,4,16,/home/mohammed/server/FMVLD/Impression_1/fp_1/948.jpg
949,22,28,10,7,7,/home/mohammed/server/FMVLD/Impression_1/fp_1/949.jpg
950,19,23,8,2,13,/home/mohammed/server/FMVLD/Impression_1/fp_1/950.jpg
951,19,22,11,10,4,/home/mohammed/server/FMVLD/Impression_1/fp_1/951.jpg
952,28,32,12,6,10,/home/mohammed/server/FMVLD/Impression_1/fp_1/952.jpg
953,19,14,10,4,6,/home/mohammed/server/FMVLD/Impression_1/fp_1/953.jpg
954,16,18,5,4,9,/home/mohammed/server/FMVLD/Impression_1/fp_1/954.jpg
955,24,17,19,9,6,/home/mohammed/server/FMVLD/Impression_1/fp_1/955.jpg
956,19,23,6,8,6,/home/mohammed/server/FMVLD/Impression_1/fp_1/956.jpg
957,15,16,10,4,9,/home/mohammed/server/FMVLD/Impression_1/fp_1/957.jpg
958,17,24,14,4,7,/home/mohammed/server/FMVLD/Impression_1/fp_1/958.jpg
959,29,26,15,7,11,/home/mohammed/server/FMVLD/Impression_1/fp_1/959.jpg
960,19,16,15,7,8,/home/mohammed/server/FMVLD/Impression_1/fp_1/960.jpg
961,21,21,13,8,8,/home/mohammed/server/FMVLD/Impression_1/fp_1/961.jpg
962,22,33,20,9,9,/home/mohammed/server/FMVLD/Impression_1/fp_1/962.jpg
963,14,35,13,3,11,/home/mohammed/server/FMVLD/Impression_1/fp_1/963.jpg
964,24,30,13,11,15,/home/mohammed/server/FMVLD/Impression_1/fp_1/964.jpg
965,28,41,15,8,8,/home/mohammed/server/FMVLD/Impression_1/fp_1/965.jpg
966,29,29,26,8,12,/home/mohammed/server/FMVLD/Impression_1/fp_1/966.jpg
967,27,27,24,7,14,/home/mohammed/server/FMVLD/Impression_1/fp_1/967.jpg
968,28,29,21,4,4,/home/mohammed/server/FMVLD/Impression_1/fp_1/968.jpg
969,13,19,10,2,8,/home/mohammed/server/FMVLD/Impression_1/fp_1/969.jpg
970,15,42,18,2,5,/home/mohammed/server/FMVLD/Impression_1/fp_1/970.jpg
971,19,21,4,5,13,/home/mohammed/server/FMVLD/Impression_1/fp_1/971.jpg
972,20,39,8,7,6,/home/mohammed/server/FMVLD/Impression_1/fp_1/972.jpg
973,22,34,11,7,8,/home/mohammed/server/FMVLD/Impression_1/fp_1/973.jpg
974,23,26,10,6,8,/home/mohammed/server/FMVLD/Impression_1/fp_1/974.jpg
975,14,29,11,7,11,/home/mohammed/server/FMVLD/Impression_1/fp_1/975.jpg
976,17,20,11,3,8,/home/mohammed/server/FMVLD/Impression_1/fp_1/976.jpg
977,21,18,11,6,9,/home/mohammed/server/FMVLD/Impression_1/fp_1/977.jpg
978,23,31,16,7,6,/home/mohammed/server/FMVLD/Impression_1/fp_1/978.jpg
979,21,27,13,6,10,/home/mohammed/server/FMVLD/Impression_1/fp_1/979.jpg
980,19,15,15,6,5,/home/mohammed/server/FMVLD/Impression_1/fp_1/980.jpg
981,21,27,14,8,12,/home/mohammed/server/FMVLD/Impression_1/fp_1/981.jpg
982,19,20,7,5,10,/home/mohammed/server/FMVLD/Impression_1/fp_1/982.jpg
983,18,25,5,2,9,/home/mohammed/server/FMVLD/Impression_1/fp_1/983.jpg
984,24,32,16,7,7,/home/mohammed/server/FMVLD/Impression_1/fp_1/984.jpg
985,20,32,17,5,9,/home/mohammed/server/FMVLD/Impression_1/fp_1/985.jpg
986,20,21,16,7,7,/home/mohammed/server/FMVLD/Impression_1/fp_1/986.jpg
987,27,24,15,6,10,/home/mohammed/server/FMVLD/Impression_1/fp_1/987.jpg
988,20,31,13,6,7,/home/mohammed/server/FMVLD/Impression_1/fp_1/988.jpg
989,23,25,15,13,9,/home/mohammed/server/FMVLD/Impression_1/fp_1/989.jpg
990,15,23,8,6,10,/home/mohammed/server/FMVLD/Impression_1/fp_1/990.jpg
991,23,28,17,5,6,/home/mohammed/server/FMVLD/Impression_1/fp_1/991.jpg
992,31,21,11,3,9,/home/mohammed/server/FMVLD/Impression_1/fp_1/992.jpg
993,19,29,10,7,8,/home/mohammed/server/FMVLD/Impression_1/fp_1/993.jpg
994,22,18,11,6,10,/home/mohammed/server/FMVLD/Impression_1/fp_1/994.jpg
995,15,28,17,5,8,/home/mohammed/server/FMVLD/Impression_1/fp_1/995.jpg
996,14,38,12,4,15,/home/mohammed/server/FMVLD/Impression_1/fp_1/996.jpg
997,24,25,14,9,4,/home/mohammed/server/FMVLD/Impression_1/fp_1/997.jpg
998,14,30,16,0,7,/home/mohammed/server/FMVLD/Impression_1/fp_1/998.jpg
999,19,36,15,5,11,/home/mohammed/server/FMVLD/Impression_1/fp_1/999.jpg
1000,30,29,12,2,7,/home/mohammed/server/FMVLD/Impression_1/fp_1/1000.jpg
